node_id,name,node_kind,value_type,enum_name,choice_id,source_xsd_type,base_xsd_type,base_kind,parent_node_id,parent,sequence_no,element_min_occurs,element_max_occurs,output_relation,output_column,child_relation,parent_key,child_key,output_nullable,output_listed,string_min_length,string_max_length,attribute_use,description
1,GLOBE_OECD,element,,,,anonymous,,,,,,1,1,,,,,,,,,,,
2,MessageSpec,element,,,,globe:MessageSpec_Type,,,1,GLOBE_OECD,1,1,1,,,,,,,,,,,
3,GLOBEBody,element,,,,globe:GLOBEBody_Type,,,1,GLOBE_OECD,2,1,unbounded,,,globe_body,globe_oecd_pk,globe_oecd_pk,,,,,,
4,version,attribute,string,,,stf:StringMin1Max10_Type,,,1,GLOBE_OECD,,,,globe_oecd,version,,,,TRUE,FALSE,1,10,optional,GLOBE Version
5,SendingEntityIN,element,string,,,stf:StringMin1Max200_Type,,,2,MessageSpec,1,0,1,globe_oecd,sending_entity_in,,,,TRUE,FALSE,1,200,,
6,TransmittingCountry,element,enum,country_code,,iso:CountryCode_Type,,,2,MessageSpec,2,1,1,globe_oecd,transmitting_country,,,,FALSE,FALSE,,,,
7,ReceivingCountry,element,enum,country_code,,iso:CountryCode_Type,,,2,MessageSpec,3,1,1,globe_oecd,receiving_country,,,,FALSE,FALSE,,,,
8,MessageType,element,enum,message_type,,globe:MessageType_EnumType,,,2,MessageSpec,4,1,1,globe_oecd,message_type,,,,FALSE,FALSE,,,,
9,Warning,element,string,,,stf:StringMin1Max4000_Type,,,2,MessageSpec,5,0,1,globe_oecd,warning,,,,TRUE,FALSE,1,4000,,
10,Contact,element,string,,,stf:StringMin1Max4000_Type,,,2,MessageSpec,6,0,1,globe_oecd,contact,,,,TRUE,FALSE,1,4000,,
11,MessageRefId,element,string,,,stf:StringMin1Max170_Type,,,2,MessageSpec,7,1,1,globe_oecd,message_ref_id,,,,FALSE,FALSE,1,170,,
12,MessageTypeIndic,element,enum,message_type_indic,,globe:MessageTypeIndic_EnumType,,,2,MessageSpec,8,1,1,globe_oecd,message_type_indic,,,,FALSE,FALSE,,,,
13,ReportingPeriod,element,date,,,xsd:date,,,2,MessageSpec,9,1,1,globe_oecd,reporting_period,,,,FALSE,FALSE,,,,
14,Timestamp,element,dateTime,,,xsd:dateTime,,,2,MessageSpec,10,1,1,globe_oecd,timestamp,,,,FALSE,FALSE,,,,
15,FilingInfo,element,,,,anonymous,globe:FilingInfo,extension,3,GLOBEBody,1,1,1,,,filing_info,globe_body_pk,globe_body_pk,,,,,,
16,GeneralSection,element,,,,anonymous,globe:GeneralSectionType,extension,3,GLOBEBody,2,0,1,,,general_section,globe_body_pk,globe_body_pk,,,,,,
17,Summary,element,,,,anonymous,globe:SummaryType,extension,3,GLOBEBody,3,0,unbounded,,,summary,globe_body_pk,globe_body_pk,,,,,,
18,JurisdictionSection,element,,,,anonymous,globe:JurisdictionSectionType,extension,3,GLOBEBody,4,0,unbounded,,,jurisdiction_section,globe_body_pk,globe_body_pk,,,,,,
19,UTPRAttribution,element,,,,anonymous,globe:UTPRAttributionType,extension,3,GLOBEBody,5,0,unbounded,,,utpr_attribution,globe_body_pk,globe_body_pk,,,,,,
20,FilingCE,element,,,,anonymous,,,15,FilingInfo,1,1,1,,,filing_ce,filing_info_pk,filing_info_pk,,,,,,
21,AccountingInfo,element,,,,anonymous,,,15,FilingInfo,2,1,1,,,accounting_info,filing_info_pk,filing_info_pk,,,,,,
22,Period,element,,,,anonymous,,,15,FilingInfo,3,1,1,,,period,filing_info_pk,filing_info_pk,,,,,,
23,NameMNE,element,string,,,stf:StringMin1Max200_Type,,,15,FilingInfo,4,1,1,filing_info,name_mne,,,,FALSE,FALSE,1,200,,
24,AdditionalInfo,element,string,,,stf:StringMin1Max4000_Type,,,15,FilingInfo,5,0,1,filing_info,additional_info,,,,TRUE,FALSE,1,4000,,
25,DocSpec,element,,,,stf:DocSpec_Type,,,15,FilingInfo,6,1,1,,,doc_spec,filing_info_pk,filing_info_pk,,,,,,
26,ResCountryCode,element,enum,country_code,,iso:CountryCode_Type,,,20,FilingCE,1,1,1,filing_ce,res_country_code,,,,FALSE,FALSE,,,,
27,Name,element,string,,,stf:StringMin1Max200_Type,,,20,FilingCE,2,1,1,filing_ce,name,,,,FALSE,FALSE,1,200,,
28,TIN,element,string,,,globe:TIN_Type,stf:StringMin1Max200_Type,extension,20,FilingCE,3,1,1,tin,tin_value,tin,filing_ce_pk,filing_ce_pk,FALSE,FALSE,1,200,,
29,Role,element,enum,filing_ce_role,,globe:FilingCERole_EnumType,,,20,FilingCE,4,1,1,filing_ce,role,,,,FALSE,FALSE,,,,
30,issuedBy,attribute,enum,country_code,,iso:CountryCode_Type,,,28,TIN,,,,tin,issued_by,,,,TRUE,FALSE,,,optional,
31,unknown,attribute,bool,,,xsd:boolean,,,28,TIN,,,,tin,unknown,,,,TRUE,FALSE,,,optional,
32,TypeOfTIN,attribute,enum,type_of_tin,,globe:TIN_EnumType,,,28,TIN,,,,tin,type_of_tin,,,,TRUE,FALSE,,,optional,
33,CFSofUPE,element,enum,filing_ce_c_of_upe,,globe:FilingCECofUPE_EnumType,,,21,AccountingInfo,1,1,1,accounting_info,cfs_of_upe,,,,FALSE,FALSE,,,,
34,FAS,element,string,,,stf:StringMin1Max200_Type,,,21,AccountingInfo,2,1,1,accounting_info,fas,,,,FALSE,FALSE,1,200,,
35,Currency,element,enum,curr_code,,iso:currCode_Type,,,21,AccountingInfo,3,1,1,accounting_info,currency,,,,FALSE,FALSE,,,,
36,Start,element,date,,,xsd:date,,,22,Period,1,1,1,period,start,,,,FALSE,FALSE,,,,
37,End,element,date,,,xsd:date,,,22,Period,2,1,1,period,end,,,,FALSE,FALSE,,,,
38,DocTypeIndic,element,enum,oecd_doc_type_indic,,stf:OECDDocTypeIndic_EnumType,,,25,DocSpec,1,1,1,doc_spec,doc_type_indic,,,,FALSE,FALSE,,,,
39,DocRefId,element,string,,,stf:StringMin1Max200_Type,,,25,DocSpec,2,1,1,doc_spec,doc_ref_id,,,,FALSE,FALSE,1,200,,Sender's unique identifier of this document
40,CorrDocRefId,element,string,,,stf:StringMin1Max200_Type,,,25,DocSpec,3,0,1,doc_spec,corr_doc_ref_id,,,,TRUE,FALSE,1,200,,Reference id of the document referred to if this is correction
41,RecJurCode,element,enum,country_code,,iso:CountryCode_Type,,,16,GeneralSection,1,1,unbounded,general_section,rec_jur_code,,,,FALSE,TRUE,,,,
42,CorporateStructure,element,,,,globe:CorporateStructureType,,,16,GeneralSection,2,1,1,,,corporate_structure,general_section_pk,general_section_pk,FALSE,,,,,
43,AdditionalDataPoint,element,,,,globe:AdditionalDataPointType,,,16,GeneralSection,3,0,unbounded,,,additional_data_point,general_section_pk,general_section_pk,TRUE,,,,,
44,DocSpec,element,,,,stf:DocSpec_Type,,,16,GeneralSection,4,1,1,,,doc_spec,general_section_pk,general_section_pk,,,,,,
45,DocTypeIndic,element,enum,oecd_doc_type_indic,,stf:OECDDocTypeIndic_EnumType,,,44,DocSpec,1,1,1,doc_spec,doc_type_indic,,,,FALSE,FALSE,,,,
46,DocRefId,element,string,,,stf:StringMin1Max200_Type,,,44,DocSpec,2,1,1,doc_spec,doc_ref_id,,,,FALSE,FALSE,1,200,,Sender's unique identifier of this document
47,CorrDocRefId,element,string,,,stf:StringMin1Max200_Type,,,44,DocSpec,3,0,1,doc_spec,corr_doc_ref_id,,,,TRUE,FALSE,1,200,,Reference id of the document referred to if this is correction
48,UPE,element,,,,anonymous,,,42,CorporateStructure,1,1,unbounded,,,upe,corporate_structure_pk,corporate_structure_pk,,,,,,
49,CE,element,,,,anonymous,,,42,CorporateStructure,2,0,unbounded,,,ce,corporate_structure_pk,corporate_structure_pk,,,,,,
50,ExcludedEntity,element,,,,anonymous,,,42,CorporateStructure,3,0,unbounded,,,excluded_entity,corporate_structure_pk,corporate_structure_pk,,,,,,
51,UnreportChangeCorpStr,element,bool,,,xsd:boolean,,,42,CorporateStructure,4,0,1,corporate_structure,unreport_change_corp_str,,,,TRUE,FALSE,,,,
52,ExcludedUPE,element,,,upe,anonymous,,,48,UPE,,1,1,,,excluded_upe,upe_pk,upe_pk,,,,,,
53,OtherUPE,element,,,upe,anonymous,,,48,UPE,,1,1,,,other_upe,upe_pk,upe_pk,,,,,,
54,ExcludedUPEStatus,element,enum,excluded_upe,,globe:ExcludedUPE_EnumType,,,52,ExcludedUPE,1,1,1,excluded_upe,excluded_upe_status,,,,FALSE,FALSE,,,,
55,Art10.3.5,element,enum,country_code,,iso:CountryCode_Type,,,52,ExcludedUPE,2,0,1,excluded_upe,art_10_3_5,,,,TRUE,FALSE,,,,
56,ID,element,,,,globe:ExcludedUPE_ID_Type,,,52,ExcludedUPE,3,1,1,,,excluded_upe_id,excluded_upe_pk,excluded_upe_pk,,,,,,
57,Name,element,string,,,stf:StringMin1Max200_Type,,,56,ID,1,1,1,excluded_upe_id,name,,,,FALSE,FALSE,1,200,,
58,ResCountryCode,element,enum,country_code,,iso:CountryCode_Type,,,56,ID,2,0,unbounded,excluded_upe_id,res_country_code,,,,TRUE,TRUE,,,,
59,TIN,element,string,,,globe:TIN_Type,stf:StringMin1Max200_Type,extension,56,ID,3,1,unbounded,tin,tin_value,tin,excluded_upe_id_pk,excluded_upe_id_pk,FALSE,FALSE,1,200,,
60,Rules,element,enum,id_type_rules,,globe:IDTypeRules_EnumType,,,56,ID,4,0,unbounded,excluded_upe_id,rules,,,,TRUE,TRUE,,,,
61,GlobeStatus,element,enum,id_type_globe_status,,globe:IDTypeGloBEStatus_EnumType,,,56,ID,5,1,unbounded,excluded_upe_id,globe_status,,,,FALSE,TRUE,,,,
62,issuedBy,attribute,enum,country_code,,iso:CountryCode_Type,,,59,TIN,,,,tin,issued_by,,,,TRUE,FALSE,,,optional,
63,unknown,attribute,bool,,,xsd:boolean,,,59,TIN,,,,tin,unknown,,,,TRUE,FALSE,,,optional,
64,TypeOfTIN,attribute,enum,type_of_tin,,globe:TIN_EnumType,,,59,TIN,,,,tin,type_of_tin,,,,TRUE,FALSE,,,optional,
65,ID,element,,,,globe:ID_Type,,,53,OtherUPE,1,1,1,,,other_upe_id,other_upe_pk,other_upe_pk,,,,,,
66,Art10.3.5,element,enum,country_code,,iso:CountryCode_Type,,,53,OtherUPE,2,0,1,other_upe,art_10_3_5,,,,TRUE,FALSE,,,,
67,Name,element,string,,,stf:StringMin1Max200_Type,,,65,ID,1,1,1,other_upe_id,name,,,,FALSE,FALSE,1,200,,
68,ResCountryCode,element,enum,country_code,,iso:CountryCode_Type,,,65,ID,2,1,unbounded,other_upe_id,res_country_code,,,,FALSE,TRUE,,,,
69,TIN,element,string,,,globe:TIN_Type,stf:StringMin1Max200_Type,extension,65,ID,3,1,unbounded,tin,tin_value,tin,other_upe_id_pk,other_upe_id_pk,FALSE,FALSE,1,200,,
70,Rules,element,enum,id_type_rules,,globe:IDTypeRules_EnumType,,,65,ID,4,1,unbounded,other_upe_id,rules,,,,FALSE,TRUE,,,,
71,GlobeStatus,element,enum,id_type_globe_status,,globe:IDTypeGloBEStatus_EnumType,,,65,ID,5,1,unbounded,other_upe_id,globe_status,,,,FALSE,TRUE,,,,
72,issuedBy,attribute,enum,country_code,,iso:CountryCode_Type,,,69,TIN,,,,tin,issued_by,,,,TRUE,FALSE,,,optional,
73,unknown,attribute,bool,,,xsd:boolean,,,69,TIN,,,,tin,unknown,,,,TRUE,FALSE,,,optional,
74,TypeOfTIN,attribute,enum,type_of_tin,,globe:TIN_EnumType,,,69,TIN,,,,tin,type_of_tin,,,,TRUE,FALSE,,,optional,
75,ID,element,,,,globe:ID_Type,,,49,CE,1,1,1,,,ce_id,ce_pk,ce_pk,,,,,,
76,OwnershipChange,element,,,,anonymous,,,49,CE,2,0,unbounded,,,ownership_change,ce_pk,ce_pk,,,,,,
77,Ownership,element,,,,anonymous,,,49,CE,3,1,unbounded,,,ownership,ce_pk,ce_pk,,,,,,
78,QIIR,element,,,,anonymous,,,49,CE,4,0,1,,,qiir,ce_pk,ce_pk,,,,,,
79,QUTPR,element,,,,anonymous,,,49,CE,5,0,1,,,qutpr,ce_pk,ce_pk,,,,,,
80,Name,element,string,,,stf:StringMin1Max200_Type,,,75,ID,1,1,1,ce_id,name,,,,FALSE,FALSE,1,200,,
81,ResCountryCode,element,enum,country_code,,iso:CountryCode_Type,,,75,ID,2,1,unbounded,ce_id,res_country_code,,,,FALSE,TRUE,,,,
82,TIN,element,string,,,globe:TIN_Type,stf:StringMin1Max200_Type,extension,75,ID,3,1,unbounded,tin,tin_value,tin,ce_id_pk,ce_id_pk,FALSE,FALSE,1,200,,
83,Rules,element,enum,id_type_rules,,globe:IDTypeRules_EnumType,,,75,ID,4,1,unbounded,ce_id,rules,,,,FALSE,TRUE,,,,
84,GlobeStatus,element,enum,id_type_globe_status,,globe:IDTypeGloBEStatus_EnumType,,,75,ID,5,1,unbounded,ce_id,globe_status,,,,FALSE,TRUE,,,,
85,ChangeDate,element,date,,,xsd:date,,,76,OwnershipChange,1,1,1,ownership_change,change_date,,,,FALSE,FALSE,,,,
86,PreGlobeStatus,element,enum,id_globe_status,,globe:IDGlobeStatus_EnumType,,,76,OwnershipChange,2,1,unbounded,ownership_change,pre_globe_status,,,,FALSE,TRUE,,,,
87,PreOwnership,element,,,,anonymous,,,76,OwnershipChange,3,0,unbounded,,,pre_ownership,ownership_change_pk,ownership_change_pk,,,,,,
88,OwnershipType,element,enum,ownership_type,,globe:OwnershipType_EnumType,,,87,PreOwnership,1,1,1,pre_ownership,ownership_type,,,,FALSE,FALSE,,,,
89,TIN,element,string,,,globe:TIN_Type,stf:StringMin1Max200_Type,extension,87,PreOwnership,2,1,1,tin,tin_value,tin,pre_ownership_pk,pre_ownership_pk,FALSE,FALSE,1,200,,
90,PreOwnershipPercentage,element,decimal,,,globe:percentage,,,87,PreOwnership,3,1,1,pre_ownership,pre_ownership_percentage,,,,FALSE,FALSE,,,,
91,OwnershipType,element,enum,ownership_type,,globe:OwnershipType_EnumType,,,77,Ownership,1,1,1,ownership,ownership_type,,,,FALSE,FALSE,,,,
92,TIN,element,string,,,globe:TIN_Type,stf:StringMin1Max200_Type,extension,77,Ownership,2,1,1,tin,tin_value,tin,ownership_pk,ownership_pk,FALSE,FALSE,1,200,,
93,OwnershipPercentage,element,decimal,,,globe:percentage,,,77,Ownership,3,1,1,ownership,ownership_percentage,,,,FALSE,FALSE,,,,
94,issuedBy,attribute,enum,country_code,,iso:CountryCode_Type,,,82,TIN,,,,tin,issued_by,,,,TRUE,FALSE,,,optional,
95,unknown,attribute,bool,,,xsd:boolean,,,82,TIN,,,,tin,unknown,,,,TRUE,FALSE,,,optional,
96,TypeOfTIN,attribute,enum,type_of_tin,,globe:TIN_EnumType,,,82,TIN,,,,tin,type_of_tin,,,,TRUE,FALSE,,,optional,
97,issuedBy,attribute,enum,country_code,,iso:CountryCode_Type,,,89,TIN,,,,tin,issued_by,,,,TRUE,FALSE,,,optional,
98,unknown,attribute,bool,,,xsd:boolean,,,89,TIN,,,,tin,unknown,,,,TRUE,FALSE,,,optional,
99,TypeOfTIN,attribute,enum,type_of_tin,,globe:TIN_EnumType,,,89,TIN,,,,tin,type_of_tin,,,,TRUE,FALSE,,,optional,
100,issuedBy,attribute,enum,country_code,,iso:CountryCode_Type,,,92,TIN,,,,tin,issued_by,,,,TRUE,FALSE,,,optional,
101,unknown,attribute,bool,,,xsd:boolean,,,92,TIN,,,,tin,unknown,,,,TRUE,FALSE,,,optional,
102,TypeOfTIN,attribute,enum,type_of_tin,,globe:TIN_EnumType,,,92,TIN,,,,tin,type_of_tin,,,,TRUE,FALSE,,,optional,
103,POPE-IPE,element,enum,pope_ipe,,globe:POPEIPE_EnumType,,,78,QIIR,1,1,1,qiir,pope_ipe,,,,FALSE,FALSE,,,,
104,Exception,element,,,,anonymous,,,78,QIIR,2,0,1,,,qiir_exception,qiir_pk,qiir_pk,,,,,,
105,ExceptionRule,element,,,,anonymous,,,104,Exception,1,1,1,,,qiir_exception_rule,qiir_exception_pk,qiir_exception_pk,,,,,,
106,TIN,element,string,,,globe:TIN_Type,stf:StringMin1Max200_Type,extension,104,Exception,2,1,1,tin,tin_value,tin,qiir_exception_pk,qiir_exception_pk,FALSE,FALSE,1,200,,
107,issuedBy,attribute,enum,country_code,,iso:CountryCode_Type,,,106,TIN,,,,tin,issued_by,,,,TRUE,FALSE,,,optional,
108,unknown,attribute,bool,,,xsd:boolean,,,106,TIN,,,,tin,unknown,,,,TRUE,FALSE,,,optional,
109,TypeOfTIN,attribute,enum,type_of_tin,,globe:TIN_EnumType,,,106,TIN,,,,tin,type_of_tin,,,,TRUE,FALSE,,,optional,
110,Art9.3,element,bool,,,xsd:boolean,,,79,QUTPR,1,1,1,qutpr,art_9_3,,,,FALSE,FALSE,,,,
111,AggOwnership,element,decimal,,,globe:percentage,,,79,QUTPR,2,0,1,qutpr,agg_ownership,,,,TRUE,FALSE,,,,
112,UPEOwnership,element,bool,,,xsd:boolean,,,79,QUTPR,3,0,1,qutpr,upe_ownership,,,,TRUE,FALSE,,,,
113,Art2.1.3,element,bool,,exception_rule,xsd:boolean,,,105,ExceptionRule,,1,1,qiir_exception_rule,art_2_1_3,,,,FALSE,FALSE,,,,
114,Art2.1.5,element,bool,,exception_rule,xsd:boolean,,,105,ExceptionRule,,1,1,qiir_exception_rule,art_2_1_5,,,,FALSE,FALSE,,,,
115,Name,element,string,,,stf:StringMin1Max200_Type,,,50,ExcludedEntity,1,1,1,excluded_entity,name,,,,FALSE,FALSE,1,200,,
116,Type,element,enum,excluded_entity,,globe:ExcludedEntity_EnumType,,,50,ExcludedEntity,2,1,1,excluded_entity,type,,,,FALSE,FALSE,,,,
117,Change,element,bool,,,xsd:boolean,,,50,ExcludedEntity,3,1,1,excluded_entity,change,,,,FALSE,FALSE,,,,
118,Description,element,string,,,stf:StringMin1Max170_Type,,,43,AdditionalDataPoint,1,0,1,additional_data_point,description,,,,TRUE,FALSE,1,170,,
119,Amount,element,int,,,xsd:integer,,,43,AdditionalDataPoint,2,0,1,additional_data_point,amount,,,,TRUE,FALSE,,,,
120,Percentage,element,decimal,,,globe:percentage,,,43,AdditionalDataPoint,3,0,1,additional_data_point,percentage,,,,TRUE,FALSE,,,,
121,Text,element,string,,,stf:StringMin1Max4000_Type,,,43,AdditionalDataPoint,4,0,1,additional_data_point,text,,,,TRUE,FALSE,1,4000,,
122,Boolean,element,bool,,,xsd:boolean,,,43,AdditionalDataPoint,5,0,1,additional_data_point,boolean,,,,TRUE,FALSE,,,,
123,RecJurCode,element,enum,country_code,,iso:CountryCode_Type,,,17,Summary,1,1,unbounded,summary,rec_jur_code,,,,FALSE,TRUE,,,,
124,Jurisdiction,element,,,,anonymous,,,17,Summary,2,1,1,,,jurisdiction,summary_pk,summary_pk,,,,,,
125,JurisdictionName,element,enum,country_code,,iso:CountryCode_Type,,,124,Jurisdiction,1,0,1,jurisdiction,jurisdiction_name,,,,TRUE,FALSE,,,,
126,Subgroup,element,,,,anonymous,,,124,Jurisdiction,2,0,unbounded,,,subgroup,jurisdiction_pk,jurisdiction_pk,,,,,,
127,TIN,element,string,,,globe:TIN_Type,stf:StringMin1Max200_Type,extension,126,Subgroup,1,1,1,tin,tin_value,tin,subgroup_pk,subgroup_pk,FALSE,FALSE,1,200,,
128,TypeofSubGroup,element,enum,type_of_sub_group,,globe:TypeofSubGroup_EnumType,,,126,Subgroup,2,1,unbounded,subgroup,type_of_sub_group,,,,FALSE,TRUE,,,,
129,JurWithTaxingRights,element,,,,anonymous,,,17,Summary,3,0,unbounded,,,jur_with_taxing_rights,summary_pk,summary_pk,,,,,,
130,JurisdictionName,element,enum,country_code,,iso:CountryCode_Type,,,129,JurWithTaxingRights,1,0,1,jur_with_taxing_rights,jurisdiction_name,,,,TRUE,FALSE,,,,
131,DiffDomesticTut,element,enum,globe_tut,,globe:GlobeTuT_EnumType,,,129,JurWithTaxingRights,2,0,1,jur_with_taxing_rights,diff_domestic_tut,,,,TRUE,FALSE,,,,
132,SafeHarbour,element,enum,safe_harbour,,globe:SafeHarbour_EnumType,,,17,Summary,4,0,unbounded,summary,safe_harbour,,,,TRUE,TRUE,,,,
133,ETRRange,element,enum,etr_range,,globe:ETRRange_EnumType,,,17,Summary,5,0,1,summary,etr_range,,,,TRUE,FALSE,,,,
134,SBIE,element,,,,anonymous,,,17,Summary,6,0,1,,,sbie,summary_pk,summary_pk,,,,,,
135,QDMTTut,element,enum,qdmt_tut,,globe:QDMTTuT_EnumType,,,17,Summary,7,0,1,summary,qdmt_tut,,,,TRUE,FALSE,,,,
136,GLoBETut,element,enum,globe_tut,,globe:GlobeTuT_EnumType,,,17,Summary,8,0,1,summary,globe_tut,,,,TRUE,FALSE,,,,
137,AdditionalDataPoint,element,,,,globe:AdditionalDataPointType,,,17,Summary,9,0,unbounded,,,additional_data_point,summary_pk,summary_pk,,,,,,
138,DocSpec,element,,,,stf:DocSpec_Type,,,17,Summary,10,1,1,,,doc_spec,summary_pk,summary_pk,,,,,,
139,NotApplicable,element,bool,,,xsd:boolean,,,134,SBIE,1,1,1,sbie,not_applicable,,,,FALSE,FALSE,,,,
140,NoTut,element,bool,,,xsd:boolean,,,134,SBIE,2,1,1,sbie,no_tut,,,,FALSE,FALSE,,,,
141,Description,element,string,,,stf:StringMin1Max170_Type,,,137,AdditionalDataPoint,1,0,1,additional_data_point,description,,,,TRUE,FALSE,1,170,,
142,Amount,element,int,,,xsd:integer,,,137,AdditionalDataPoint,2,0,1,additional_data_point,amount,,,,TRUE,FALSE,,,,
143,Percentage,element,decimal,,,globe:percentage,,,137,AdditionalDataPoint,3,0,1,additional_data_point,percentage,,,,TRUE,FALSE,,,,
144,Text,element,string,,,stf:StringMin1Max4000_Type,,,137,AdditionalDataPoint,4,0,1,additional_data_point,text,,,,TRUE,FALSE,1,4000,,
145,Boolean,element,bool,,,xsd:boolean,,,137,AdditionalDataPoint,5,0,1,additional_data_point,boolean,,,,TRUE,FALSE,,,,
146,DocTypeIndic,element,enum,oecd_doc_type_indic,,stf:OECDDocTypeIndic_EnumType,,,138,DocSpec,1,1,1,doc_spec,doc_type_indic,,,,FALSE,FALSE,,,,
147,DocRefId,element,string,,,stf:StringMin1Max200_Type,,,138,DocSpec,2,1,1,doc_spec,doc_ref_id,,,,FALSE,FALSE,1,200,,Sender's unique identifier of this document
148,CorrDocRefId,element,string,,,stf:StringMin1Max200_Type,,,138,DocSpec,3,0,1,doc_spec,corr_doc_ref_id,,,,TRUE,FALSE,1,200,,Reference id of the document referred to if this is correction
149,issuedBy,attribute,enum,country_code,,iso:CountryCode_Type,,,127,TIN,,,,tin,issued_by,,,,TRUE,FALSE,,,optional,
150,unknown,attribute,bool,,,xsd:boolean,,,127,TIN,,,,tin,unknown,,,,TRUE,FALSE,,,optional,
151,TypeOfTIN,attribute,enum,type_of_tin,,globe:TIN_EnumType,,,127,TIN,,,,tin,type_of_tin,,,,TRUE,FALSE,,,optional,
152,RecJurCode,element,enum,country_code,,iso:CountryCode_Type,,,19,UTPRAttribution,1,1,unbounded,utpr_attribution,rec_jur_code,,,,FALSE,TRUE,,,,
153,Attribution,element,,,,anonymous,,,19,UTPRAttribution,2,1,unbounded,,,attribution,utpr_attribution_pk,utpr_attribution_pk,,,,,,
154,AdditionalDataPoint,element,,,,globe:AdditionalDataPointType,,,19,UTPRAttribution,3,0,unbounded,,,additional_data_point,utpr_attribution_pk,utpr_attribution_pk,,,,,,
155,DocSpec,element,,,,stf:DocSpec_Type,,,19,UTPRAttribution,4,1,1,,,doc_spec,utpr_attribution_pk,utpr_attribution_pk,,,,,,
156,ResCountryCode,element,enum,country_code,,iso:CountryCode_Type,,,153,Attribution,1,1,1,attribution,res_country_code,,,,FALSE,FALSE,,,,
157,UTPRTopUpTaxCarryForward,element,int,,,xsd:integer,,,153,Attribution,2,1,1,attribution,utpr_top_up_tax_carry_forward,,,,FALSE,FALSE,,,,
158,Employees,element,int,,,xsd:integer,,,153,Attribution,3,0,1,attribution,employees,,,,TRUE,FALSE,,,,
159,TangibleAssetValue,element,int,,,xsd:integer,,,153,Attribution,4,0,1,attribution,tangible_asset_value,,,,TRUE,FALSE,,,,
160,UTPRPercentage,element,decimal,,,globe:percentage,,,153,Attribution,5,1,1,attribution,utpr_percentage,,,,FALSE,FALSE,,,,
161,UTPRTopUpTaxAttributed,element,int,,,xsd:integer,,,153,Attribution,6,1,1,attribution,utpr_top_up_tax_attributed,,,,FALSE,FALSE,,,,
162,AddCashTaxExpense,element,int,,,xsd:integer,,,153,Attribution,7,1,1,attribution,add_cash_tax_expense,,,,FALSE,FALSE,,,,
163,UTPRTopUpTaxCarriedForward,element,int,,,xsd:integer,,,153,Attribution,8,1,1,attribution,utpr_top_up_tax_carried_forward,,,,FALSE,FALSE,,,,
164,Description,element,string,,,stf:StringMin1Max170_Type,,,154,AdditionalDataPoint,1,0,1,additional_data_point,description,,,,TRUE,FALSE,1,170,,
165,Amount,element,int,,,xsd:integer,,,154,AdditionalDataPoint,2,0,1,additional_data_point,amount,,,,TRUE,FALSE,,,,
166,Percentage,element,decimal,,,globe:percentage,,,154,AdditionalDataPoint,3,0,1,additional_data_point,percentage,,,,TRUE,FALSE,,,,
167,Text,element,string,,,stf:StringMin1Max4000_Type,,,154,AdditionalDataPoint,4,0,1,additional_data_point,text,,,,TRUE,FALSE,1,4000,,
168,Boolean,element,bool,,,xsd:boolean,,,154,AdditionalDataPoint,5,0,1,additional_data_point,boolean,,,,TRUE,FALSE,,,,
169,RecJurCode,element,enum,country_code,,iso:CountryCode_Type,,,18,JurisdictionSection,1,1,unbounded,jurisdiction_section,rec_jur_code,,,,FALSE,TRUE,,,,
170,Jurisdiction,element,enum,country_code,,iso:CountryCode_Type,,,18,JurisdictionSection,2,1,1,jurisdiction_section,jurisdiction,,,,FALSE,FALSE,,,,
171,JurWithTaxingRights,element,,,,anonymous,,,18,JurisdictionSection,3,0,unbounded,,,jur_with_taxing_rights,jurisdiction_section_pk,jurisdiction_section_pk,,,,,,
172,LocalCurrency,element,enum,curr_code,,iso:currCode_Type,,,18,JurisdictionSection,4,0,1,jurisdiction_section,local_currency,,,,TRUE,FALSE,,,,
173,GLoBETax,element,,,,globe:GLOBETax,,,18,JurisdictionSection,5,1,1,,,globe_tax,jurisdiction_section_pk,jurisdiction_section_pk,,,,,,
174,LowTaxJurisdiction,element,,,,globe:LowTaxJurisdictionType,,,18,JurisdictionSection,6,0,1,,,low_tax_jurisdiction,jurisdiction_section_pk,jurisdiction_section_pk,,,,,,
175,AdditionalDataPoint,element,,,,globe:AdditionalDataPointType,,,18,JurisdictionSection,7,0,unbounded,,,additional_data_point,jurisdiction_section_pk,jurisdiction_section_pk,,,,,,
176,DocSpec,element,,,,stf:DocSpec_Type,,,18,JurisdictionSection,8,1,1,,,doc_spec,jurisdiction_section_pk,jurisdiction_section_pk,,,,,,
177,JurisdictionName,element,enum,country_code,,iso:CountryCode_Type,,,171,JurWithTaxingRights,1,1,1,jur_with_taxing_rights,jurisdiction_name,,,,FALSE,FALSE,,,,
178,Subgroup,element,,,,anonymous,,,171,JurWithTaxingRights,2,0,unbounded,,,subgroup,jur_with_taxing_rights_pk,jur_with_taxing_rights_pk,,,,,,
179,ReportDifference,element,,,,anonymous,,,171,JurWithTaxingRights,3,0,1,,,report_difference,jur_with_taxing_rights_pk,jur_with_taxing_rights_pk,,,,,,
180,TIN,element,string,,,globe:TIN_Type,stf:StringMin1Max200_Type,extension,178,Subgroup,1,1,1,tin,tin_value,tin,subgroup_pk,subgroup_pk,FALSE,FALSE,1,200,,
181,TypeofSubGroup,element,enum,type_of_sub_group,,globe:TypeofSubGroup_EnumType,,,178,Subgroup,2,1,unbounded,subgroup,type_of_sub_group,,,,FALSE,TRUE,,,,
182,issuedBy,attribute,enum,country_code,,iso:CountryCode_Type,,,180,TIN,,,,tin,issued_by,,,,TRUE,FALSE,,,optional,
183,unknown,attribute,bool,,,xsd:boolean,,,180,TIN,,,,tin,unknown,,,,TRUE,FALSE,,,optional,
184,TypeOfTIN,attribute,enum,type_of_tin,,globe:TIN_EnumType,,,180,TIN,,,,tin,type_of_tin,,,,TRUE,FALSE,,,optional,
185,ETRDifference,element,decimal,,,globe:percentage,,,179,ReportDifference,1,0,1,report_difference,etr_difference,,,,TRUE,FALSE,,,,
186,AdjCoveredTaxDifference,element,,,,anonymous,,,179,ReportDifference,2,0,1,,,adj_covered_tax_difference,report_difference_pk,report_difference_pk,,,,,,
187,NetGLoBEDifference,element,int,,,xsd:integer,,,179,ReportDifference,3,0,1,report_difference,net_globe_difference,,,,TRUE,FALSE,,,,
188,SBIEDifference,element,int,,,xsd:integer,,,179,ReportDifference,4,0,1,report_difference,sbie_difference,,,,TRUE,FALSE,,,,
189,AddCurrentTuTDifference,element,int,,,xsd:integer,,,179,ReportDifference,5,0,1,report_difference,add_current_tut_difference,,,,TRUE,FALSE,,,,
190,TuTDifference,element,int,,,xsd:integer,,,179,ReportDifference,6,0,1,report_difference,tut_difference,,,,TRUE,FALSE,,,,
191,ElectionsDifference,element,string,,,stf:StringMin1Max4000_Type,,,179,ReportDifference,7,0,1,report_difference,elections_difference,,,,TRUE,FALSE,1,4000,,
192,QRTCIncome,element,int,,,xsd:integer,,,179,ReportDifference,8,0,1,report_difference,qrtc_income,,,,TRUE,FALSE,,,,
193,ExcessNegTaxCarryForw,element,int,,,xsd:integer,,,179,ReportDifference,9,0,1,report_difference,excess_neg_tax_carry_forw,,,,TRUE,FALSE,,,,
194,TransitionDifference,element,bool,,,xsd:boolean,,,179,ReportDifference,10,0,1,report_difference,transition_difference,,,,TRUE,FALSE,,,,
195,ETR,element,,,,globe:ETRType,,,173,GLoBETax,1,0,unbounded,,,etr,globe_tax_pk,globe_tax_pk,,,,,,
196,InitialIntActivity,element,,,,globe:InitialIntActivityType,,,173,GLoBETax,2,0,1,,,initial_int_activity,globe_tax_pk,globe_tax_pk,,,,,,
197,SubGroup,element,,,,anonymous,,,195,ETR,1,0,1,,,sub_group,etr_pk,etr_pk,,,,,,
198,ETRStatus,element,,,,anonymous,,,195,ETR,2,1,1,,,etr_status,etr_pk,etr_pk,,,,,,
199,Election,element,,,,anonymous,,,195,ETR,3,0,1,,,etr_election,etr_pk,etr_pk,,,,,,
200,StartDate,element,date,,,xsd:date,,,196,InitialIntActivity,1,1,1,initial_int_activity,start_date,,,,FALSE,FALSE,,,,
201,ReferenceJurisdiction,element,,,,anonymous,,,196,InitialIntActivity,2,1,1,,,reference_jurisdiction,initial_int_activity_pk,initial_int_activity_pk,,,,,,
202,OtherJurisdiction,element,,,,anonymous,,,196,InitialIntActivity,3,1,unbounded,,,other_jurisdiction,initial_int_activity_pk,initial_int_activity_pk,,,,,,
203,RFYNumberOfJurisdictions,element,int,,,xsd:integer,,,196,InitialIntActivity,4,0,1,initial_int_activity,rfy_number_of_jurisdictions,,,,TRUE,FALSE,,,,
204,RFYSumTangibleAssetValue,element,int,,,xsd:integer,,,196,InitialIntActivity,5,0,1,initial_int_activity,rfy_sum_tangible_asset_value,,,,TRUE,FALSE,,,,
205,TIN,element,string,,,globe:TIN_Type,stf:StringMin1Max200_Type,extension,197,SubGroup,1,1,1,tin,tin_value,tin,sub_group_pk,sub_group_pk,FALSE,FALSE,1,200,,
206,issuedBy,attribute,enum,country_code,,iso:CountryCode_Type,,,205,TIN,,,,tin,issued_by,,,,TRUE,FALSE,,,optional,
207,unknown,attribute,bool,,,xsd:boolean,,,205,TIN,,,,tin,unknown,,,,TRUE,FALSE,,,optional,
208,TypeOfTIN,attribute,enum,type_of_tin,,globe:TIN_EnumType,,,205,TIN,,,,tin,type_of_tin,,,,TRUE,FALSE,,,optional,
209,TypeofSubGroup,element,enum,etr_type_of_sub_group,,globe:ETRTypeofSubGroup_EnumType,,,197,SubGroup,2,1,unbounded,sub_group,type_of_sub_group,,,,FALSE,TRUE,,,,
210,ETRException,element,,,,anonymous,,,198,ETRStatus,1,0,1,,,etr_exception,etr_status_pk,etr_status_pk,,,,,,
211,ETRComputation,element,,,,globe:ETRComputationType,,,198,ETRStatus,2,0,1,,,etr_computation,etr_status_pk,etr_status_pk,,,,,,
212,Art3.2.6,element,bool,,,xsd:boolean,,,199,Election,1,0,1,etr_election,art_3_2_6,,,,TRUE,FALSE,,,,
213,Art4.1.5,element,bool,,,xsd:boolean,,,199,Election,2,0,1,etr_election,art_4_1_5,,,,TRUE,FALSE,,,,
214,Art4.6.1,element,bool,,,xsd:boolean,,,199,Election,3,0,1,etr_election,art_4_6_1,,,,TRUE,FALSE,,,,
215,Art5.3.1,element,bool,,,xsd:boolean,,,199,Election,4,0,1,etr_election,art_5_3_1,,,,TRUE,FALSE,,,,
216,Art3.2.2,element,,,,anonymous,,,199,Election,5,0,1,,,art_3_2_2,etr_election_pk,etr_election_pk,,,,,,
217,Art3.2.5,element,,,,anonymous,,,199,Election,6,0,1,,,art_3_2_5,etr_election_pk,etr_election_pk,,,,,,
218,Art3.2.8,element,,,,anonymous,,,199,Election,7,0,1,,,art_3_2_8,etr_election_pk,etr_election_pk,,,,,,
219,NoDefTaxAllocation,element,,,,anonymous,,,199,Election,8,0,1,,,no_def_tax_allocation,etr_election_pk,etr_election_pk,,,,,,
220,Art4.5,element,,,,anonymous,,,199,Election,9,0,1,,,art_4_5,etr_election_pk,etr_election_pk,,,,,,
221,Art3.2.1.c,element,,,,anonymous,,,199,Election,10,0,1,,,art_3_2_1_c,etr_election_pk,etr_election_pk,,,,,,
222,SimplifiedReporting,element,bool,,,xsd:boolean,,,199,Election,11,0,1,etr_election,simplified_reporting,,,,TRUE,FALSE,,,,
223,Status,element,bool,,,xsd:boolean,,,216,Art3.2.2,1,1,1,art_3_2_2,status,,,,FALSE,FALSE,,,,
224,ElectionYear,element,date,,,xsd:date,,,216,Art3.2.2,2,1,1,art_3_2_2,election_year,,,,FALSE,FALSE,,,,
225,RevocationYear,element,date,,,xsd:date,,,216,Art3.2.2,3,0,1,art_3_2_2,revocation_year,,,,TRUE,FALSE,,,,
226,Status,element,bool,,,xsd:boolean,,,217,Art3.2.5,1,1,1,art_3_2_5,status,,,,FALSE,FALSE,,,,
227,ElectionYear,element,date,,,xsd:date,,,217,Art3.2.5,2,1,1,art_3_2_5,election_year,,,,TRUE,FALSE,,,,"Optional XSD sequence (minOccurs=0): ElectionYear, RevocationYear. Element occurrence limits apply when this group is present."
228,RevocationYear,element,date,,,xsd:date,,,217,Art3.2.5,3,0,1,art_3_2_5,revocation_year,,,,TRUE,FALSE,,,,"Optional XSD sequence (minOccurs=0): ElectionYear, RevocationYear. Element occurrence limits apply when this group is present."
229,Status,element,bool,,,xsd:boolean,,,218,Art3.2.8,1,1,1,art_3_2_8,status,,,,FALSE,FALSE,,,,
230,ElectionYear,element,date,,,xsd:date,,,218,Art3.2.8,2,1,1,art_3_2_8,election_year,,,,TRUE,FALSE,,,,"Optional XSD sequence (minOccurs=0): ElectionYear, RevocationYear. Element occurrence limits apply when this group is present."
231,RevocationYear,element,date,,,xsd:date,,,218,Art3.2.8,3,0,1,art_3_2_8,revocation_year,,,,TRUE,FALSE,,,,"Optional XSD sequence (minOccurs=0): ElectionYear, RevocationYear. Element occurrence limits apply when this group is present."
232,Status,element,bool,,,xsd:boolean,,,219,NoDefTaxAllocation,1,1,1,no_def_tax_allocation,status,,,,FALSE,FALSE,,,,
233,ElectionYear,element,date,,,xsd:date,,,219,NoDefTaxAllocation,2,1,1,no_def_tax_allocation,election_year,,,,FALSE,FALSE,,,,
234,RevocationYear,element,date,,,xsd:date,,,219,NoDefTaxAllocation,3,0,1,no_def_tax_allocation,revocation_year,,,,TRUE,FALSE,,,,
235,Status,element,bool,,,xsd:boolean,,,220,Art4.5,1,1,1,art_4_5,status,,,,FALSE,FALSE,,,,
236,ElectionYear,element,date,,,xsd:date,,,220,Art4.5,2,1,1,art_4_5,election_year,,,,TRUE,FALSE,,,,"Optional XSD sequence (minOccurs=0): ElectionYear, RevocationYear. Element occurrence limits apply when this group is present."
237,RevocationYear,element,date,,,xsd:date,,,220,Art4.5,3,0,1,art_4_5,revocation_year,,,,TRUE,FALSE,,,,"Optional XSD sequence (minOccurs=0): ElectionYear, RevocationYear. Element occurrence limits apply when this group is present."
238,Status,element,bool,,,xsd:boolean,,,221,Art3.2.1.c,1,1,1,art_3_2_1_c,status,,,,FALSE,FALSE,,,,
239,ElectionYear,element,date,,,xsd:date,,,221,Art3.2.1.c,2,1,1,art_3_2_1_c,election_year,,,,FALSE,FALSE,,,,
240,RevocationYear,element,date,,,xsd:date,,,221,Art3.2.1.c,3,0,1,art_3_2_1_c,revocation_year,,,,TRUE,FALSE,,,,
241,QualOwnerIntentBalance,element,int,,,xsd:integer,,,221,Art3.2.1.c,4,1,1,art_3_2_1_c,qual_owner_intent_balance,,,,FALSE,FALSE,,,,
242,Additions,element,int,,,xsd:integer,,,221,Art3.2.1.c,5,1,1,art_3_2_1_c,additions,,,,FALSE,FALSE,,,,
243,Reductions,element,int,,,xsd:integer,,,221,Art3.2.1.c,6,1,1,art_3_2_1_c,reductions,,,,FALSE,FALSE,,,,
244,OutstandingBalance,element,int,,,xsd:integer,,,221,Art3.2.1.c,7,1,1,art_3_2_1_c,outstanding_balance,,,,FALSE,FALSE,,,,
245,Deminimis-SimplifiedNMCECalc,element,,,,anonymous,,,210,ETRException,1,0,1,,,deminimis_simplified_nmce_calc,etr_exception_pk,etr_exception_pk,,,,,,
246,TransitionalCbCRSafeHarbour,element,,,,anonymous,,,210,ETRException,2,0,1,,,transitional_cb_cr_safe_harbour,etr_exception_pk,etr_exception_pk,,,,,,
247,UTPRSafeHarbour,element,,,,anonymous,,,210,ETRException,3,0,1,,,utpr_safe_harbour,etr_exception_pk,etr_exception_pk,,,,,,
251,Basis,element,enum,deminimis_simple_basis,,globe:DeminimisSimpleBasis_EnumType,,,245,Deminimis-SimplifiedNMCECalc,1,1,1,deminimis_simplified_nmce_calc,basis,,,,FALSE,FALSE,,,,
252,FinancialData,element,,,,anonymous,,,245,Deminimis-SimplifiedNMCECalc,2,1,3,,,financial_data,deminimis_simplified_nmce_calc_pk,deminimis_simplified_nmce_calc_pk,,,,,,
253,Average,element,,,,anonymous,,,245,Deminimis-SimplifiedNMCECalc,3,1,1,,,average,deminimis_simplified_nmce_calc_pk,deminimis_simplified_nmce_calc_pk,,,,,,
254,Year,element,date,,,xsd:date,,,252,FinancialData,1,1,1,financial_data,year,,,,FALSE,FALSE,,,,
255,Revenue,element,int,,,xsd:integer,,,252,FinancialData,2,0,1,financial_data,revenue,,,,TRUE,FALSE,,,,
256,GlobeRevenue,element,int,,,xsd:integer,,,252,FinancialData,3,1,1,financial_data,globe_revenue,,,,FALSE,FALSE,,,,
257,NetGlobeIncome,element,int,,,xsd:integer,,,252,FinancialData,4,1,1,financial_data,net_globe_income,,,,FALSE,FALSE,,,,
258,FANIL,element,int,,,xsd:integer,,,252,FinancialData,5,1,1,financial_data,fanil,,,,FALSE,FALSE,,,,
259,Revenue,element,int,,,xsd:integer,,,253,Average,1,0,1,average,revenue,,,,TRUE,FALSE,,,,
260,GlobeRevenue,element,int,,,xsd:integer,,,253,Average,2,1,1,average,globe_revenue,,,,FALSE,FALSE,,,,
261,NetGlobeIncome,element,int,,,xsd:integer,,,253,Average,3,1,1,average,net_globe_income,,,,FALSE,FALSE,,,,
262,FANIL,element,int,,,xsd:integer,,,253,Average,4,1,1,average,fanil,,,,FALSE,FALSE,,,,
263,Revenue,element,int,,,xsd:integer,,,246,TransitionalCbCRSafeHarbour,1,0,1,transitional_cb_cr_safe_harbour,revenue,,,,TRUE,FALSE,,,,
264,Profit,element,int,,,xsd:integer,,,246,TransitionalCbCRSafeHarbour,2,1,1,transitional_cb_cr_safe_harbour,profit,,,,FALSE,FALSE,,,,
265,IncomeTax,element,int,,,xsd:integer,,,246,TransitionalCbCRSafeHarbour,3,0,1,transitional_cb_cr_safe_harbour,income_tax,,,,TRUE,FALSE,,,,
266,CITRate,element,decimal,,,globe:percentage,,,247,UTPRSafeHarbour,1,1,1,utpr_safe_harbour,cit_rate,,,,FALSE,FALSE,,,,
267,CEComputation,element,,,,anonymous,,,211,ETRComputation,1,0,unbounded,,,ce_computation,etr_computation_pk,etr_computation_pk,,,,,,
268,OverallComputation,element,,,,anonymous,,,211,ETRComputation,2,0,1,,,overall_computation,etr_computation_pk,etr_computation_pk,,,,,,
269,Non-MaterialCE,element,,,,anonymous,,,211,ETRComputation,3,0,unbounded,,,non_material_ce,etr_computation_pk,etr_computation_pk,,,,,,
270,AdjustedFANIL,element,,,,anonymous,,,267,CEComputation,1,1,1,,,adjusted_fanil,ce_computation_pk,ce_computation_pk,,,,,,
271,NetGlobeIncome,element,,,,anonymous,,,267,CEComputation,2,1,1,,,net_globe_income,ce_computation_pk,ce_computation_pk,,,,,,
272,AdjustedIncomeTax,element,,,,anonymous,,,267,CEComputation,3,1,1,,,adjusted_income_tax,ce_computation_pk,ce_computation_pk,,,,,,
273,AdjustedCoveredTax,element,,,,anonymous,,,267,CEComputation,4,1,1,,,adjusted_covered_tax,ce_computation_pk,ce_computation_pk,,,,,,
274,TIN,element,string,,,globe:TIN_Type,stf:StringMin1Max200_Type,extension,267,CEComputation,5,1,1,tin,tin_value,tin,ce_computation_pk,ce_computation_pk,FALSE,FALSE,1,200,,
275,Elections,element,,,,anonymous,,,267,CEComputation,6,0,1,,,elections,ce_computation_pk,ce_computation_pk,,,,,,
276,OtherFAS,element,string,,,stf:StringMin1Max200_Type,,,267,CEComputation,7,0,1,ce_computation,other_fas,,,,TRUE,FALSE,1,200,,
277,FANIL,element,int,,,xsd:integer,,,268,OverallComputation,1,1,1,overall_computation,fanil,,,,FALSE,FALSE,,,,
278,AdjustedFANIL,element,int,,,xsd:integer,,,268,OverallComputation,2,1,1,overall_computation,adjusted_fanil,,,,FALSE,FALSE,,,,
279,NetGlobeIncome,element,,,,anonymous,,,268,OverallComputation,3,1,1,,,overall_computation_net_globe_income,overall_computation_pk,overall_computation_pk,,,,,,
280,IncomeTaxExpense,element,int,,,xsd:integer,,,268,OverallComputation,4,1,1,overall_computation,income_tax_expense,,,,FALSE,FALSE,,,,
281,ETRRate,element,decimal,,,globe:percentage,,,268,OverallComputation,5,1,1,overall_computation,etr_rate,,,,FALSE,FALSE,,,,
282,TopUpTaxPercentage,element,decimal,,,globe:percentage,,,268,OverallComputation,6,1,1,overall_computation,top_up_tax_percentage,,,,FALSE,FALSE,,,,
283,AdjustedCoveredTax,element,,,,anonymous,,,268,OverallComputation,7,0,1,,,overall_computation_adjusted_covered_tax,overall_computation_pk,overall_computation_pk,,,,,,
284,SubstanceExclusion,element,,,,anonymous,,,268,OverallComputation,8,0,1,,,overall_computation_substance_exclusion,overall_computation_pk,overall_computation_pk,,,,,,
285,ExcessProfits,element,int,,,xsd:integer,,,268,OverallComputation,9,1,1,overall_computation,excess_profits,,,,FALSE,FALSE,,,,
286,AdditionalTopUpTax,element,,,,anonymous,,,268,OverallComputation,10,0,1,,,additional_top_up_tax,overall_computation_pk,overall_computation_pk,,,,,,
287,QDMTT,element,,,,anonymous,,,268,OverallComputation,11,0,1,,,qdmtt,overall_computation_pk,overall_computation_pk,,,,,,
288,TopUpTax,element,int,,,xsd:integer,,,268,OverallComputation,12,1,1,overall_computation,top_up_tax,,,,FALSE,FALSE,,,,
289,ExcessNegTaxExpense,element,,,,anonymous,,,268,OverallComputation,13,1,1,,,excess_neg_tax_expense,overall_computation_pk,overall_computation_pk,,,,,,
290,RFY,element,,,,anonymous,,,269,Non-MaterialCE,1,1,1,,,rfy,non_material_ce_pk,non_material_ce_pk,,,,,,
291,RFY-1,element,,,,anonymous,,,269,Non-MaterialCE,2,0,1,,,rfy_1,non_material_ce_pk,non_material_ce_pk,,,,,,
292,RFY-2,element,,,,anonymous,,,269,Non-MaterialCE,3,0,1,,,rfy_2,non_material_ce_pk,non_material_ce_pk,,,,,,
293,Average,element,,,,anonymous,,,269,Non-MaterialCE,4,1,1,,,non_material_ce_average,non_material_ce_pk,non_material_ce_pk,,,,,,
294,ID,element,,,,globe:ID_Type,,,269,Non-MaterialCE,5,1,1,,,non_material_ce_id,non_material_ce_pk,non_material_ce_pk,,,,,,
295,Total,element,int,,,xsd:integer,,,270,AdjustedFANIL,1,1,1,adjusted_fanil,total,,,,FALSE,FALSE,,,,
296,FANIL,element,int,,,xsd:integer,,,270,AdjustedFANIL,2,1,1,adjusted_fanil,fanil,,,,FALSE,FALSE,,,,
297,Adjustment,element,,,,anonymous,,,270,AdjustedFANIL,3,0,1,,,adjustment,adjusted_fanil_pk,adjusted_fanil_pk,,,,,,
298,Total,element,int,,,xsd:integer,,,271,NetGlobeIncome,1,1,1,net_globe_income,total,,,,FALSE,FALSE,,,,
299,Adjustments,element,,,,anonymous,,,271,NetGlobeIncome,2,0,unbounded,,,adjustments,net_globe_income_pk,net_globe_income_pk,,,,,,
300,IntShippingIncome,element,,,,anonymous,,,271,NetGlobeIncome,3,0,1,,,int_shipping_income,net_globe_income_pk,net_globe_income_pk,,,,,,
301,Total,element,int,,,xsd:integer,,,272,AdjustedIncomeTax,1,1,1,adjusted_income_tax,total,,,,FALSE,FALSE,,,,
302,IncomeTax,element,int,,,xsd:integer,,,272,AdjustedIncomeTax,2,1,1,adjusted_income_tax,income_tax,,,,FALSE,FALSE,,,,
303,CrossAllocation,element,,,,anonymous,,,272,AdjustedIncomeTax,3,0,unbounded,,,cross_allocation,adjusted_income_tax_pk,adjusted_income_tax_pk,,,,,,
304,Total,element,int,,,xsd:integer,,,273,AdjustedCoveredTax,1,1,1,adjusted_covered_tax,total,,,,FALSE,FALSE,,,,
305,Adjustments,element,,,,anonymous,,,273,AdjustedCoveredTax,2,0,unbounded,,,adjusted_covered_tax_adjustments,adjusted_covered_tax_pk,adjusted_covered_tax_pk,,,,,,
306,DeferTaxAdjustAmt,element,,,,anonymous,,,273,AdjustedCoveredTax,3,1,1,,,defer_tax_adjust_amt,adjusted_covered_tax_pk,adjusted_covered_tax_pk,,,,,,
307,issuedBy,attribute,enum,country_code,,iso:CountryCode_Type,,,274,TIN,,,,tin,issued_by,,,,TRUE,FALSE,,,optional,
308,unknown,attribute,bool,,,xsd:boolean,,,274,TIN,,,,tin,unknown,,,,TRUE,FALSE,,,optional,
309,TypeOfTIN,attribute,enum,type_of_tin,,globe:TIN_EnumType,,,274,TIN,,,,tin,type_of_tin,,,,TRUE,FALSE,,,optional,
310,Art1.5.3,element,,,,anonymous,,,275,Elections,1,0,1,,,art_1_5_3,elections_pk,elections_pk,,,,,,
311,SimplCalculations,element,bool,,,xsd:boolean,,,275,Elections,2,0,1,elections,simpl_calculations,,,,TRUE,FALSE,,,,
312,Art3.2.1,element,bool,,,xsd:boolean,,,275,Elections,3,0,1,elections,art_3_2_1,,,,TRUE,FALSE,,,,
313,Art3.2.1b,element,,,,anonymous,,,275,Elections,4,0,1,,,art_3_2_1b,elections_pk,elections_pk,,,,,,
314,Art3.2.1c,element,,,,anonymous,,,275,Elections,5,0,1,,,art_3_2_1c,elections_pk,elections_pk,,,,,,
315,Art6.3.4,element,,,,anonymous,,,275,Elections,6,0,unbounded,,,art_6_3_4,elections_pk,elections_pk,,,,,,
316,AggregatedReporting,element,,,,anonymous,,,275,Elections,7,0,1,,,aggregated_reporting,elections_pk,elections_pk,,,,,,
317,Art4.4.7,element,,,,anonymous,,,275,Elections,8,0,1,,,art_4_4_7,elections_pk,elections_pk,,,,,,
318,Art4.5.6,element,,,,anonymous,,,275,Elections,9,0,1,,,art_4_5_6,elections_pk,elections_pk,,,,,,
319,Art7.5,element,,,,anonymous,,,275,Elections,10,0,unbounded,,,art_7_5,elections_pk,elections_pk,,,,,,
320,Art7.6,element,,,,anonymous,,,275,Elections,11,0,unbounded,,,art_7_6,elections_pk,elections_pk,,,,,,
321,MainEntityPEandFTE,element,,,,anonymous,,,297,Adjustment,1,0,unbounded,,,main_entity_p_eand_fte,adjustment_pk,adjustment_pk,,,,,,
322,CrossBorderAdjustments,element,,,,anonymous,,,297,Adjustment,2,0,unbounded,,,cross_border_adjustments,adjustment_pk,adjustment_pk,,,,,,
323,UPEAdjustments,element,,,,anonymous,,,297,Adjustment,3,0,unbounded,,,upe_adjustments,adjustment_pk,adjustment_pk,,,,,,
324,Basis,element,enum,main_entity_p_eand_fte_basis,,globe:MainEntityPEandFTEBasis_EnumType,,,321,MainEntityPEandFTE,1,1,1,main_entity_p_eand_fte,basis,,,,FALSE,FALSE,,,,
325,OtherTIN,element,string,,,globe:TIN_Type,stf:StringMin1Max200_Type,extension,321,MainEntityPEandFTE,2,1,1,other_tin,other_tin_value,other_tin,main_entity_p_eand_fte_pk,main_entity_p_eand_fte_pk,FALSE,FALSE,1,200,,
326,ResCountryCode,element,enum,country_code,,iso:CountryCode_Type,,,321,MainEntityPEandFTE,3,0,1,main_entity_p_eand_fte,res_country_code,,,,TRUE,FALSE,,,,
327,Additions,element,int,,,xsd:integer,,,321,MainEntityPEandFTE,4,1,1,main_entity_p_eand_fte,additions,,,,FALSE,FALSE,,,,
328,Reductions,element,int,,,xsd:integer,,,321,MainEntityPEandFTE,5,1,1,main_entity_p_eand_fte,reductions,,,,FALSE,FALSE,,,,
329,Basis,element,enum,cross_border_adjustments,,globe:CrossBorderAdjustments_EnumType,,,322,CrossBorderAdjustments,1,1,1,cross_border_adjustments,basis,,,,FALSE,FALSE,,,,
330,OtherTIN,element,string,,,globe:TIN_Type,stf:StringMin1Max200_Type,extension,322,CrossBorderAdjustments,2,1,1,cross_border_adjustments_other_tin,other_tin_value,cross_border_adjustments_other_tin,cross_border_adjustments_pk,cross_border_adjustments_pk,FALSE,FALSE,1,200,,
331,ResCountryCode,element,enum,country_code,,iso:CountryCode_Type,,,322,CrossBorderAdjustments,3,0,1,cross_border_adjustments,res_country_code,,,,TRUE,FALSE,,,,
332,Additions,element,int,,,xsd:integer,,,322,CrossBorderAdjustments,4,0,1,cross_border_adjustments,additions,,,,TRUE,FALSE,,,,
333,Reductions,element,int,,,xsd:integer,,,322,CrossBorderAdjustments,5,0,1,cross_border_adjustments,reductions,,,,TRUE,FALSE,,,,
334,Basis,element,enum,upe_adjustments_basis,,globe:UPEAdjustmentsBasis_EnumType,,,323,UPEAdjustments,1,1,1,upe_adjustments,basis,,,,FALSE,FALSE,,,,
335,Reductions,element,,,,anonymous,,,323,UPEAdjustments,2,0,1,,,reductions,upe_adjustments_pk,upe_adjustments_pk,,,,,,
336,IdentificationOfOwners,element,,,,anonymous,,,323,UPEAdjustments,3,1,unbounded,,,identification_of_owners,upe_adjustments_pk,upe_adjustments_pk,,,,,,
337,issuedBy,attribute,enum,country_code,,iso:CountryCode_Type,,,325,OtherTIN,,,,other_tin,issued_by,,,,TRUE,FALSE,,,optional,
338,unknown,attribute,bool,,,xsd:boolean,,,325,OtherTIN,,,,other_tin,unknown,,,,TRUE,FALSE,,,optional,
339,TypeOfTIN,attribute,enum,type_of_tin,,globe:TIN_EnumType,,,325,OtherTIN,,,,other_tin,type_of_tin,,,,TRUE,FALSE,,,optional,
340,issuedBy,attribute,enum,country_code,,iso:CountryCode_Type,,,330,OtherTIN,,,,cross_border_adjustments_other_tin,issued_by,,,,TRUE,FALSE,,,optional,
341,unknown,attribute,bool,,,xsd:boolean,,,330,OtherTIN,,,,cross_border_adjustments_other_tin,unknown,,,,TRUE,FALSE,,,optional,
342,TypeOfTIN,attribute,enum,type_of_tin,,globe:TIN_EnumType,,,330,OtherTIN,,,,cross_border_adjustments_other_tin,type_of_tin,,,,TRUE,FALSE,,,optional,
343,Amount,element,int,,reductions,xsd:integer,,,335,Reductions,,1,1,reductions,amount,,,,TRUE,FALSE,,,,
344,Exception,element,bool,,reductions,xsd:boolean,,,335,Reductions,,1,1,reductions,exception,,,,TRUE,FALSE,,,,
345,OwnershipPercentage,element,decimal,,,globe:percentage,,,336,IdentificationOfOwners,1,1,1,identification_of_owners,ownership_percentage,,,,FALSE,FALSE,,,,
346,IndOwners,element,,,identification_of_owners,anonymous,,,336,IdentificationOfOwners,,1,1,,,ind_owners,identification_of_owners_pk,identification_of_owners_pk,,,,,,
347,EntityOwner,element,,,identification_of_owners,anonymous,,,336,IdentificationOfOwners,,1,1,,,entity_owner,identification_of_owners_pk,identification_of_owners_pk,,,,,,
348,NumOfOwners,element,int,,,xsd:integer,,,346,IndOwners,1,1,1,ind_owners,num_of_owners,,,,FALSE,FALSE,,,,
349,ResCountryCode,element,enum,country_code,,iso:CountryCode_Type,,,346,IndOwners,2,0,1,ind_owners,res_country_code,,,,TRUE,FALSE,,,,
350,TaxRate,element,decimal,,,globe:percentage,,,346,IndOwners,3,0,1,ind_owners,tax_rate,,,,TRUE,FALSE,,,,
351,TIN,element,string,,,globe:TIN_Type,stf:StringMin1Max200_Type,extension,347,EntityOwner,1,1,1,tin,tin_value,tin,entity_owner_pk,entity_owner_pk,FALSE,FALSE,1,200,,
352,issuedBy,attribute,enum,country_code,,iso:CountryCode_Type,,,351,TIN,,,,tin,issued_by,,,,TRUE,FALSE,,,optional,
353,unknown,attribute,bool,,,xsd:boolean,,,351,TIN,,,,tin,unknown,,,,TRUE,FALSE,,,optional,
354,TypeOfTIN,attribute,enum,type_of_tin,,globe:TIN_EnumType,,,351,TIN,,,,tin,type_of_tin,,,,TRUE,FALSE,,,optional,
355,ResCountryCode,element,enum,country_code,,iso:CountryCode_Type,,,347,EntityOwner,2,1,1,entity_owner,res_country_code,,,,FALSE,FALSE,,,,
356,TaxRate,element,decimal,,,globe:percentage,,,347,EntityOwner,3,0,1,entity_owner,tax_rate,,,,TRUE,FALSE,,,,
357,ExTypeOfEntity,element,enum,ex_type_of_entity,,globe:ExTypeOfEntity_EnumType,,,347,EntityOwner,4,0,1,entity_owner,ex_type_of_entity,,,,TRUE,FALSE,,,,
358,Amount,element,int,,,xsd:integer,,,299,Adjustments,1,1,2,adjustments,amount,,,,FALSE,TRUE,,,,
359,AdjustmentItem,element,enum,adjustment_item,,globe:AdjustmentItem_EnumType,,,299,Adjustments,2,1,1,adjustments,adjustment_item,,,,FALSE,FALSE,,,,
360,InternationalShipIncome,element,,,,anonymous,,,300,IntShippingIncome,1,1,1,,,international_ship_income,int_shipping_income_pk,int_shipping_income_pk,,,,,,
361,QualifiedAncShipIncome,element,,,,anonymous,,,300,IntShippingIncome,2,1,1,,,qualified_anc_ship_income,int_shipping_income_pk,int_shipping_income_pk,,,,,,
362,SubstanceExclusion,element,,,,anonymous,,,300,IntShippingIncome,3,1,1,,,substance_exclusion,int_shipping_income_pk,int_shipping_income_pk,,,,,,
363,CoveredTaxes,element,int,,,xsd:integer,,,300,IntShippingIncome,4,1,1,int_shipping_income,covered_taxes,,,,FALSE,FALSE,,,,
364,Total,element,int,,,xsd:integer,,,360,InternationalShipIncome,1,1,1,international_ship_income,total,,,,FALSE,FALSE,,,,
365,Category,element,enum,int_ship_category,,globe:IntShipCategory_EnumType,,,360,InternationalShipIncome,2,1,unbounded,international_ship_income,category,,,,FALSE,TRUE,,,,
366,Revenue,element,int,,,xsd:integer,,,360,InternationalShipIncome,3,1,1,international_ship_income,revenue,,,,FALSE,FALSE,,,,
367,Costs,element,int,,,xsd:integer,,,360,InternationalShipIncome,4,1,1,international_ship_income,costs,,,,FALSE,FALSE,,,,
368,Total,element,int,,,xsd:integer,,,361,QualifiedAncShipIncome,1,1,1,qualified_anc_ship_income,total,,,,FALSE,FALSE,,,,
369,Category,element,enum,anc_ship_category,,globe:ANCShipCategory_EnumType,,,361,QualifiedAncShipIncome,2,1,1,qualified_anc_ship_income,category,,,,FALSE,FALSE,,,,
370,Revenue,element,int,,,xsd:integer,,,361,QualifiedAncShipIncome,3,1,1,qualified_anc_ship_income,revenue,,,,FALSE,FALSE,,,,
371,Costs,element,int,,,xsd:integer,,,361,QualifiedAncShipIncome,4,1,1,qualified_anc_ship_income,costs,,,,FALSE,FALSE,,,,
372,PayrollCosts,element,int,,,xsd:integer,,,362,SubstanceExclusion,1,1,1,substance_exclusion,payroll_costs,,,,FALSE,FALSE,,,,
373,TangibleAssets,element,int,,,xsd:integer,,,362,SubstanceExclusion,2,1,1,substance_exclusion,tangible_assets,,,,FALSE,FALSE,,,,
374,Basis,element,enum,adjusted_basis,,globe:AdjustedBasis_EnumType,,,303,CrossAllocation,1,1,unbounded,cross_allocation,basis,,,,FALSE,TRUE,,,,
375,OtherTIN,element,string,,,globe:TIN_Type,stf:StringMin1Max200_Type,extension,303,CrossAllocation,2,1,1,cross_allocation_other_tin,other_tin_value,cross_allocation_other_tin,cross_allocation_pk,cross_allocation_pk,FALSE,FALSE,1,200,,
376,ResCountryCode,element,enum,country_code,,iso:CountryCode_Type,,,303,CrossAllocation,3,1,1,cross_allocation,res_country_code,,,,FALSE,FALSE,,,,
377,Additions,element,int,,,xsd:integer,,,303,CrossAllocation,4,0,1,cross_allocation,additions,,,,TRUE,FALSE,,,,
378,Reductions,element,int,,,xsd:integer,,,303,CrossAllocation,5,0,1,cross_allocation,reductions,,,,TRUE,FALSE,,,,
379,issuedBy,attribute,enum,country_code,,iso:CountryCode_Type,,,375,OtherTIN,,,,cross_allocation_other_tin,issued_by,,,,TRUE,FALSE,,,optional,
380,unknown,attribute,bool,,,xsd:boolean,,,375,OtherTIN,,,,cross_allocation_other_tin,unknown,,,,TRUE,FALSE,,,optional,
381,TypeOfTIN,attribute,enum,type_of_tin,,globe:TIN_EnumType,,,375,OtherTIN,,,,cross_allocation_other_tin,type_of_tin,,,,TRUE,FALSE,,,optional,
382,Amount,element,int,,,xsd:integer,,,305,Adjustments,1,1,2,adjusted_covered_tax_adjustments,amount,,,,FALSE,TRUE,,,,
383,AdjustmentItem,element,enum,current_adjusted_tax,,globe:CurrentAdjustedTax_EnumType,,,305,Adjustments,2,1,1,adjusted_covered_tax_adjustments,adjustment_item,,,,FALSE,FALSE,,,,
384,Total,element,int,,,xsd:integer,,,306,DeferTaxAdjustAmt,1,1,1,defer_tax_adjust_amt,total,,,,FALSE,FALSE,,,,
385,DeferTaxExpense,element,int,,,xsd:integer,,,306,DeferTaxAdjustAmt,2,1,1,defer_tax_adjust_amt,defer_tax_expense,,,,FALSE,FALSE,,,,
386,Adjustment,element,,,,anonymous,,,306,DeferTaxAdjustAmt,3,0,unbounded,,,defer_tax_adjust_amt_adjustment,defer_tax_adjust_amt_pk,defer_tax_adjust_amt_pk,,,,,,
387,Amount,element,int,,,xsd:integer,,,386,Adjustment,1,1,2,defer_tax_adjust_amt_adjustment,amount,,,,FALSE,TRUE,,,,
388,AdjustmentItem,element,enum,deferred_adjusted_tax,,globe:DeferredAdjustedTax_EnumType,,,386,Adjustment,2,1,1,defer_tax_adjust_amt_adjustment,adjustment_item,,,,FALSE,FALSE,,,,
389,Recast,element,,,,anonymous,,,386,Adjustment,3,0,1,,,recast,defer_tax_adjust_amt_adjustment_pk,defer_tax_adjust_amt_adjustment_pk,,,,,,
390,Higher,element,int,,,xsd:integer,,,389,Recast,1,0,1,recast,higher,,,,TRUE,FALSE,,,,
391,Lower,element,int,,,xsd:integer,,,389,Recast,2,0,1,recast,lower,,,,TRUE,FALSE,,,,
392,Status,element,bool,,,xsd:boolean,,,310,Art1.5.3,1,1,1,art_1_5_3,status,,,,FALSE,FALSE,,,,
393,ElectionYear,element,date,,,xsd:date,,,310,Art1.5.3,2,1,1,art_1_5_3,election_year,,,,TRUE,FALSE,,,,"Optional XSD sequence (minOccurs=0): ElectionYear, RevocationYear. Element occurrence limits apply when this group is present."
394,RevocationYear,element,date,,,xsd:date,,,310,Art1.5.3,3,0,1,art_1_5_3,revocation_year,,,,TRUE,FALSE,,,,"Optional XSD sequence (minOccurs=0): ElectionYear, RevocationYear. Element occurrence limits apply when this group is present."
395,Status,element,bool,,,xsd:boolean,,,313,Art3.2.1b,1,1,1,art_3_2_1b,status,,,,FALSE,FALSE,,,,
396,ElectionYear,element,date,,,xsd:date,,,313,Art3.2.1b,2,1,1,art_3_2_1b,election_year,,,,TRUE,FALSE,,,,"Optional XSD sequence (minOccurs=0): ElectionYear, RevocationYear. Element occurrence limits apply when this group is present."
397,RevocationYear,element,date,,,xsd:date,,,313,Art3.2.1b,3,0,1,art_3_2_1b,revocation_year,,,,TRUE,FALSE,,,,"Optional XSD sequence (minOccurs=0): ElectionYear, RevocationYear. Element occurrence limits apply when this group is present."
398,Status,element,bool,,,xsd:boolean,,,314,Art3.2.1c,1,1,1,art_3_2_1c,status,,,,FALSE,FALSE,,,,
399,ElectionYear,element,date,,,xsd:date,,,314,Art3.2.1c,2,1,1,art_3_2_1c,election_year,,,,TRUE,FALSE,,,,"Optional XSD sequence (minOccurs=0): ElectionYear, RevocationYear. Element occurrence limits apply when this group is present."
400,RevocationYear,element,date,,,xsd:date,,,314,Art3.2.1c,3,0,1,art_3_2_1c,revocation_year,,,,TRUE,FALSE,,,,"Optional XSD sequence (minOccurs=0): ElectionYear, RevocationYear. Element occurrence limits apply when this group is present."
401,FYTriggerEvent,element,date,,,xsd:date,,,315,Art6.3.4,1,1,1,art_6_3_4,fy_trigger_event,,,,FALSE,FALSE,,,,
402,Inclusion,element,,,,anonymous,,,315,Art6.3.4,2,1,1,,,inclusion,art_6_3_4_pk,art_6_3_4_pk,,,,,,
403,Art6.3.4.c.i,element,bool,,inclusion,xsd:boolean,,,402,Inclusion,,1,1,inclusion,art_6_3_4_c_i,,,,TRUE,FALSE,,,,
404,Art6.3.4.c.ii,element,bool,,inclusion,xsd:boolean,,,402,Inclusion,,1,1,inclusion,art_6_3_4_c_ii,,,,TRUE,FALSE,,,,
405,TaxConsolGroupTIN,element,string,,,globe:TIN_Type,stf:StringMin1Max200_Type,extension,316,AggregatedReporting,1,1,1,tax_consol_group_tin,tax_consol_group_tin_value,tax_consol_group_tin,aggregated_reporting_pk,aggregated_reporting_pk,FALSE,FALSE,1,200,,
406,EntityTIN,element,string,,,globe:TIN_Type,stf:StringMin1Max200_Type,extension,316,AggregatedReporting,2,1,unbounded,entity_tin,entity_tin_value,entity_tin,aggregated_reporting_pk,aggregated_reporting_pk,FALSE,FALSE,1,200,,
407,issuedBy,attribute,enum,country_code,,iso:CountryCode_Type,,,405,TaxConsolGroupTIN,,,,tax_consol_group_tin,issued_by,,,,TRUE,FALSE,,,optional,
408,unknown,attribute,bool,,,xsd:boolean,,,405,TaxConsolGroupTIN,,,,tax_consol_group_tin,unknown,,,,TRUE,FALSE,,,optional,
409,TypeOfTIN,attribute,enum,type_of_tin,,globe:TIN_EnumType,,,405,TaxConsolGroupTIN,,,,tax_consol_group_tin,type_of_tin,,,,TRUE,FALSE,,,optional,
410,issuedBy,attribute,enum,country_code,,iso:CountryCode_Type,,,406,EntityTIN,,,,entity_tin,issued_by,,,,TRUE,FALSE,,,optional,
411,unknown,attribute,bool,,,xsd:boolean,,,406,EntityTIN,,,,entity_tin,unknown,,,,TRUE,FALSE,,,optional,
412,TypeOfTIN,attribute,enum,type_of_tin,,globe:TIN_EnumType,,,406,EntityTIN,,,,entity_tin,type_of_tin,,,,TRUE,FALSE,,,optional,
413,Status,element,bool,,,xsd:boolean,,,317,Art4.4.7,1,1,1,art_4_4_7,status,,,,FALSE,FALSE,,,,
414,ElectionYear,element,date,,,xsd:date,,,317,Art4.4.7,2,1,1,art_4_4_7,election_year,,,,TRUE,FALSE,,,,"Optional XSD sequence (minOccurs=0): ElectionYear, RevocationYear. Element occurrence limits apply when this group is present."
415,RevocationYear,element,date,,,xsd:date,,,317,Art4.4.7,3,0,1,art_4_4_7,revocation_year,,,,TRUE,FALSE,,,,"Optional XSD sequence (minOccurs=0): ElectionYear, RevocationYear. Element occurrence limits apply when this group is present."
416,Status,element,bool,,,xsd:boolean,,,318,Art4.5.6,1,1,1,art_4_5_6,status,,,,FALSE,FALSE,,,,
417,ElectionYear,element,date,,,xsd:date,,,318,Art4.5.6,2,1,1,art_4_5_6,election_year,,,,TRUE,FALSE,,,,"Optional XSD sequence (minOccurs=0): ElectionYear, RevocationYear. Element occurrence limits apply when this group is present."
418,RevocationYear,element,date,,,xsd:date,,,318,Art4.5.6,3,0,1,art_4_5_6,revocation_year,,,,TRUE,FALSE,,,,"Optional XSD sequence (minOccurs=0): ElectionYear, RevocationYear. Element occurrence limits apply when this group is present."
419,Status,element,bool,,,xsd:boolean,,,319,Art7.5,1,1,1,art_7_5,status,,,,FALSE,FALSE,,,,
420,ElectionYear,element,date,,,xsd:date,,,319,Art7.5,2,1,1,art_7_5,election_year,,,,TRUE,FALSE,,,,"Optional XSD sequence (minOccurs=0): ElectionYear, RevocationYear, CEOwnerTIN. Element occurrence limits apply when this group is present."
421,RevocationYear,element,date,,,xsd:date,,,319,Art7.5,3,0,1,art_7_5,revocation_year,,,,TRUE,FALSE,,,,"Optional XSD sequence (minOccurs=0): ElectionYear, RevocationYear, CEOwnerTIN. Element occurrence limits apply when this group is present."
422,CEOwnerTIN,element,string,,,globe:TIN_Type,stf:StringMin1Max200_Type,extension,319,Art7.5,4,1,unbounded,ce_owner_tin,ce_owner_tin_value,ce_owner_tin,art_7_5_pk,art_7_5_pk,TRUE,FALSE,1,200,,"Optional XSD sequence (minOccurs=0): ElectionYear, RevocationYear, CEOwnerTIN. Element occurrence limits apply when this group is present."
423,issuedBy,attribute,enum,country_code,,iso:CountryCode_Type,,,422,CEOwnerTIN,,,,ce_owner_tin,issued_by,,,,TRUE,FALSE,,,optional,
424,unknown,attribute,bool,,,xsd:boolean,,,422,CEOwnerTIN,,,,ce_owner_tin,unknown,,,,TRUE,FALSE,,,optional,
425,TypeOfTIN,attribute,enum,type_of_tin,,globe:TIN_EnumType,,,422,CEOwnerTIN,,,,ce_owner_tin,type_of_tin,,,,TRUE,FALSE,,,optional,
426,Status,element,bool,,,xsd:boolean,,,320,Art7.6,1,1,1,art_7_6,status,,,,FALSE,FALSE,,,,
427,ElectionYear,element,date,,,xsd:date,,,320,Art7.6,2,1,1,art_7_6,election_year,,,,FALSE,FALSE,,,,
428,RevocationYear,element,date,,,xsd:date,,,320,Art7.6,3,0,1,art_7_6,revocation_year,,,,TRUE,FALSE,,,,
429,ActualDeemedDist,element,int,,,xsd:integer,,,320,Art7.6,4,1,1,art_7_6,actual_deemed_dist,,,,FALSE,FALSE,,,,
430,LocalCreditableTaxGross,element,int,,,xsd:integer,,,320,Art7.6,5,1,1,art_7_6,local_creditable_tax_gross,,,,FALSE,FALSE,,,,
431,ShareOfUndistNetGlobeInc,element,decimal,,,globe:percentage,,,320,Art7.6,6,1,1,art_7_6,share_of_undist_net_globe_inc,,,,FALSE,FALSE,,,,
432,InvestmentEntityTIN,element,string,,,globe:TIN_Type,stf:StringMin1Max200_Type,extension,320,Art7.6,7,1,1,investment_entity_tin,investment_entity_tin_value,investment_entity_tin,art_7_6_pk,art_7_6_pk,FALSE,FALSE,1,200,,
433,issuedBy,attribute,enum,country_code,,iso:CountryCode_Type,,,432,InvestmentEntityTIN,,,,investment_entity_tin,issued_by,,,,TRUE,FALSE,,,optional,
434,unknown,attribute,bool,,,xsd:boolean,,,432,InvestmentEntityTIN,,,,investment_entity_tin,unknown,,,,TRUE,FALSE,,,optional,
435,TypeOfTIN,attribute,enum,type_of_tin,,globe:TIN_EnumType,,,432,InvestmentEntityTIN,,,,investment_entity_tin,type_of_tin,,,,TRUE,FALSE,,,optional,
436,Total,element,int,,,xsd:integer,,,279,NetGlobeIncome,1,1,1,overall_computation_net_globe_income,total,,,,FALSE,FALSE,,,,
437,Adjustments,element,,,,anonymous,,,279,NetGlobeIncome,2,0,unbounded,,,overall_computation_net_globe_income_adjustments,overall_computation_net_globe_income_pk,overall_computation_net_globe_income_pk,,,,,,
438,IntShippingIncome,element,,,,anonymous,,,279,NetGlobeIncome,3,0,1,,,overall_computation_net_globe_income_int_shipping_income,overall_computation_net_globe_income_pk,overall_computation_net_globe_income_pk,,,,,,
439,Amount,element,int,,,xsd:integer,,,437,Adjustments,1,1,1,overall_computation_net_globe_income_adjustments,amount,,,,FALSE,FALSE,,,,
440,AdjustmentItem,element,enum,adjustment_item,,globe:AdjustmentItem_EnumType,,,437,Adjustments,2,1,1,overall_computation_net_globe_income_adjustments,adjustment_item,,,,FALSE,FALSE,,,,
441,Total,element,int,,,xsd:integer,,,438,IntShippingIncome,1,1,1,overall_computation_net_globe_income_int_shipping_income,total,,,,FALSE,FALSE,,,,
442,TotalIntShipIncome,element,int,,,xsd:integer,,,438,IntShippingIncome,2,1,1,overall_computation_net_globe_income_int_shipping_income,total_int_ship_income,,,,FALSE,FALSE,,,,
443,FiftyPercentCap,element,int,,,xsd:integer,,,438,IntShippingIncome,3,1,1,overall_computation_net_globe_income_int_shipping_income,fifty_percent_cap,,,,FALSE,FALSE,,,,
444,TotalQualifiedAncIncome,element,int,,,xsd:integer,,,438,IntShippingIncome,4,1,1,overall_computation_net_globe_income_int_shipping_income,total_qualified_anc_income,,,,FALSE,FALSE,,,,
445,ExcessOfCap,element,int,,,xsd:integer,,,438,IntShippingIncome,5,0,1,overall_computation_net_globe_income_int_shipping_income,excess_of_cap,,,,TRUE,FALSE,,,,
446,Total,element,int,,,xsd:integer,,,283,AdjustedCoveredTax,1,1,1,overall_computation_adjusted_covered_tax,total,,,,FALSE,FALSE,,,,
447,AggCurrentTaxExpense,element,int,,,xsd:integer,,,186,AdjCoveredTaxDifference,1,0,1,adj_covered_tax_difference,agg_current_tax_expense,,,,TRUE,FALSE,,,,
448,QRTCExpense,element,int,,,xsd:integer,,,186,AdjCoveredTaxDifference,2,0,1,adj_covered_tax_difference,qrtc_expense,,,,TRUE,FALSE,,,,
449,OtherTaxCredits,element,int,,,xsd:integer,,,186,AdjCoveredTaxDifference,3,0,1,adj_covered_tax_difference,other_tax_credits,,,,TRUE,FALSE,,,,
450,DeferTaxExpense,element,int,,,xsd:integer,,,186,AdjCoveredTaxDifference,4,0,1,adj_covered_tax_difference,defer_tax_expense,,,,TRUE,FALSE,,,,
451,AggregrateCurrentTax,element,int,,,xsd:integer,,,283,AdjustedCoveredTax,2,1,1,overall_computation_adjusted_covered_tax,aggregrate_current_tax,,,,FALSE,FALSE,,,,
452,Adjustments,element,,,,anonymous,,,283,AdjustedCoveredTax,3,0,unbounded,,,overall_computation_adjusted_covered_tax_adjustments,overall_computation_adjusted_covered_tax_pk,overall_computation_adjusted_covered_tax_pk,,,,,,
453,Amount,element,int,,,xsd:integer,,,452,Adjustments,1,1,1,overall_computation_adjusted_covered_tax_adjustments,amount,,,,FALSE,FALSE,,,,
454,AdjustmentItem,element,enum,final_adjusted_tax,,globe:FinalAdjustedTax_EnumType,,,452,Adjustments,2,1,1,overall_computation_adjusted_covered_tax_adjustments,adjustment_item,,,,FALSE,FALSE,,,,
455,PostFilingAdjust,element,,,,anonymous,,,283,AdjustedCoveredTax,4,0,1,,,post_filing_adjust,overall_computation_adjusted_covered_tax_pk,overall_computation_adjusted_covered_tax_pk,,,,,,
456,DeferTaxAsset,element,,,,anonymous,,,455,PostFilingAdjust,1,1,1,,,defer_tax_asset,post_filing_adjust_pk,post_filing_adjust_pk,,,,,,
457,Total,element,int,,,xsd:integer,,,456,DeferTaxAsset,1,1,1,defer_tax_asset,total,,,,FALSE,FALSE,,,,
458,AmountAttributed,element,,,,anonymous,,,456,DeferTaxAsset,2,0,unbounded,,,amount_attributed,defer_tax_asset_pk,defer_tax_asset_pk,,,,,,
459,Year,element,date,,,xsd:date,,,458,AmountAttributed,1,1,1,amount_attributed,year,,,,FALSE,FALSE,,,,
460,Amount,element,int,,,xsd:integer,,,458,AmountAttributed,2,1,1,amount_attributed,amount,,,,FALSE,FALSE,,,,
461,CoveredTaxRefund,element,,,,anonymous,,,455,PostFilingAdjust,2,1,1,,,covered_tax_refund,post_filing_adjust_pk,post_filing_adjust_pk,,,,,,
462,Total,element,int,,,xsd:integer,,,461,CoveredTaxRefund,1,1,1,covered_tax_refund,total,,,,FALSE,FALSE,,,,
463,AmountAttributed,element,,,,anonymous,,,461,CoveredTaxRefund,2,0,unbounded,,,covered_tax_refund_amount_attributed,covered_tax_refund_pk,covered_tax_refund_pk,,,,,,
464,Year,element,date,,,xsd:date,,,463,AmountAttributed,1,1,1,covered_tax_refund_amount_attributed,year,,,,FALSE,FALSE,,,,
465,Amount,element,int,,,xsd:integer,,,463,AmountAttributed,2,1,1,covered_tax_refund_amount_attributed,amount,,,,FALSE,FALSE,,,,
466,DeemedDistTax,element,,,,anonymous,,,283,AdjustedCoveredTax,5,0,1,,,deemed_dist_tax,overall_computation_adjusted_covered_tax_pk,overall_computation_adjusted_covered_tax_pk,,,,,,
467,Total,element,int,,,xsd:integer,,,466,DeemedDistTax,1,1,1,deemed_dist_tax,total,,,,FALSE,FALSE,,,,
468,Election,element,,,,anonymous,,,466,DeemedDistTax,2,0,1,,,election,deemed_dist_tax_pk,deemed_dist_tax_pk,,,,,,
469,Recapture,element,,,,anonymous,,,468,Election,1,1,unbounded,,,recapture,election_pk,election_pk,,,,,,
470,Year,element,date,,,xsd:date,,,469,Recapture,1,1,1,recapture,year,,,,FALSE,FALSE,,,,
471,StartAmount,element,int,,,xsd:integer,,,469,Recapture,2,1,1,recapture,start_amount,,,,FALSE,FALSE,,,,
472,DDTYear-0,element,int,,,xsd:integer,,,469,Recapture,3,1,1,recapture,ddt_year_0,,,,FALSE,FALSE,,,,
473,DDTYear-1,element,int,,,xsd:integer,,,469,Recapture,4,1,1,recapture,ddt_year_1,,,,FALSE,FALSE,,,,
474,DDTYear-2,element,int,,,xsd:integer,,,469,Recapture,5,1,1,recapture,ddt_year_2,,,,FALSE,FALSE,,,,
475,DDTYear-3,element,int,,,xsd:integer,,,469,Recapture,6,1,1,recapture,ddt_year_3,,,,FALSE,FALSE,,,,
476,TotalDDT,element,int,,,xsd:integer,,,469,Recapture,7,1,1,recapture,total_ddt,,,,FALSE,FALSE,,,,
477,EndAmount,element,int,,,xsd:integer,,,469,Recapture,8,1,1,recapture,end_amount,,,,FALSE,FALSE,,,,
478,Reduction,element,int,,,xsd:integer,,,468,Election,2,1,1,election,reduction,,,,FALSE,FALSE,,,,
479,IncrementalTopUpTax,element,int,,,xsd:integer,,,468,Election,3,1,1,election,incremental_top_up_tax,,,,FALSE,FALSE,,,,
480,Ratio,element,decimal,,,globe:percentage,,,468,Election,4,1,1,election,ratio,,,,FALSE,FALSE,,,,
481,DeferTaxAdjustAmt,element,,,,anonymous,,,283,AdjustedCoveredTax,6,0,1,,,overall_computation_adjusted_covered_tax_defer_tax_adjust_amt,overall_computation_adjusted_covered_tax_pk,overall_computation_adjusted_covered_tax_pk,,,,,,
482,Total,element,int,,,xsd:integer,,,481,DeferTaxAdjustAmt,1,1,1,overall_computation_adjusted_covered_tax_defer_tax_adjust_amt,total,,,,FALSE,FALSE,,,,
483,DefTaxAmt,element,int,,,xsd:integer,,,481,DeferTaxAdjustAmt,2,1,1,overall_computation_adjusted_covered_tax_defer_tax_adjust_amt,def_tax_amt,,,,FALSE,FALSE,,,,
484,DiffCarryValue,element,int,,,xsd:integer,,,481,DeferTaxAdjustAmt,3,1,1,overall_computation_adjusted_covered_tax_defer_tax_adjust_amt,diff_carry_value,,,,FALSE,FALSE,,,,
485,GLoBEValue,element,int,,,xsd:integer,,,481,DeferTaxAdjustAmt,4,1,1,overall_computation_adjusted_covered_tax_defer_tax_adjust_amt,globe_value,,,,FALSE,FALSE,,,,
486,BefRecastAdjust,element,int,,,xsd:integer,,,481,DeferTaxAdjustAmt,5,1,1,overall_computation_adjusted_covered_tax_defer_tax_adjust_amt,bef_recast_adjust,,,,FALSE,FALSE,,,,
487,TotalAdjust,element,int,,,xsd:integer,,,481,DeferTaxAdjustAmt,6,1,1,overall_computation_adjusted_covered_tax_defer_tax_adjust_amt,total_adjust,,,,FALSE,FALSE,,,,
488,PreRecast,element,int,,,xsd:integer,,,481,DeferTaxAdjustAmt,7,1,1,overall_computation_adjusted_covered_tax_defer_tax_adjust_amt,pre_recast,,,,FALSE,FALSE,,,,
489,Recast,element,,,,anonymous,,,481,DeferTaxAdjustAmt,8,0,1,,,overall_computation_adjusted_covered_tax_defer_tax_adjust_amt_recast,overall_computation_adjusted_covered_tax_defer_tax_adjust_amt_pk,overall_computation_adjusted_covered_tax_defer_tax_adjust_amt_pk,,,,,,
490,Higher,element,int,,,xsd:integer,,,489,Recast,1,0,1,overall_computation_adjusted_covered_tax_defer_tax_adjust_amt_recast,higher,,,,TRUE,FALSE,,,,
491,Lower,element,int,,,xsd:integer,,,489,Recast,2,0,1,overall_computation_adjusted_covered_tax_defer_tax_adjust_amt_recast,lower,,,,TRUE,FALSE,,,,
492,Adjustments,element,,,,anonymous,,,481,DeferTaxAdjustAmt,9,0,unbounded,,,overall_computation_adjusted_covered_tax_defer_tax_adjust_amt_adjustments,overall_computation_adjusted_covered_tax_defer_tax_adjust_amt_pk,overall_computation_adjusted_covered_tax_defer_tax_adjust_amt_pk,,,,,,
493,Amount,element,int,,,xsd:integer,,,492,Adjustments,1,1,1,overall_computation_adjusted_covered_tax_defer_tax_adjust_amt_adjustments,amount,,,,FALSE,FALSE,,,,
494,AdjustmentItem,element,enum,deferred_adjusted_tax,,globe:DeferredAdjustedTax_EnumType,,,492,Adjustments,2,1,1,overall_computation_adjusted_covered_tax_defer_tax_adjust_amt_adjustments,adjustment_item,,,,FALSE,FALSE,,,,
495,RecaptureDeferred,element,,,,anonymous,,,492,Adjustments,3,1,1,,,recapture_deferred,overall_computation_adjusted_covered_tax_defer_tax_adjust_amt_adjustments_pk,overall_computation_adjusted_covered_tax_defer_tax_adjust_amt_adjustments_pk,,,,,,
496,DTLRFYMinus5,element,int,,,xsd:integer,,,495,RecaptureDeferred,1,1,1,recapture_deferred,dtlrfy_minus_5,,,,FALSE,FALSE,,,,
497,RecapDTLRFYMinus5,element,int,,,xsd:integer,,,495,RecaptureDeferred,2,1,1,recapture_deferred,recap_dtlrfy_minus_5,,,,FALSE,FALSE,,,,
498,DTLRFY,element,int,,,xsd:integer,,,495,RecaptureDeferred,3,1,1,recapture_deferred,dtlrfy,,,,FALSE,FALSE,,,,
499,AggregateDTL,element,,,,anonymous,,,495,RecaptureDeferred,4,1,1,,,aggregate_dtl,recapture_deferred_pk,recapture_deferred_pk,,,,,,
500,ReportingFiscalYear,element,,,,anonymous,,,499,AggregateDTL,1,1,1,,,reporting_fiscal_year,aggregate_dtl_pk,aggregate_dtl_pk,,,,,,
501,AmountPreTransition,element,int,,,xsd:integer,,,500,ReportingFiscalYear,1,1,1,reporting_fiscal_year,amount_pre_transition,,,,FALSE,FALSE,,,,
502,AmountOutBalance,element,int,,,xsd:integer,,,500,ReportingFiscalYear,2,1,1,reporting_fiscal_year,amount_out_balance,,,,FALSE,FALSE,,,,
503,AmountUnjustified,element,int,,,xsd:integer,,,500,ReportingFiscalYear,3,1,1,reporting_fiscal_year,amount_unjustified,,,,FALSE,FALSE,,,,
504,PriorFiscalYear,element,,,,anonymous,,,499,AggregateDTL,2,1,1,,,prior_fiscal_year,aggregate_dtl_pk,aggregate_dtl_pk,,,,,,
505,AmountPreTransition,element,int,,,xsd:integer,,,504,PriorFiscalYear,1,1,1,prior_fiscal_year,amount_pre_transition,,,,FALSE,FALSE,,,,
506,AmountOutBalance,element,int,,,xsd:integer,,,504,PriorFiscalYear,2,1,1,prior_fiscal_year,amount_out_balance,,,,FALSE,FALSE,,,,
507,AmountUnjustified,element,int,,,xsd:integer,,,504,PriorFiscalYear,3,1,1,prior_fiscal_year,amount_unjustified,,,,FALSE,FALSE,,,,
508,Transition,element,,,,anonymous,,,481,DeferTaxAdjustAmt,10,0,unbounded,,,transition,overall_computation_adjusted_covered_tax_defer_tax_adjust_amt_pk,overall_computation_adjusted_covered_tax_defer_tax_adjust_amt_pk,,,,,,
509,Year,element,date,,,xsd:date,,,508,Transition,1,1,1,transition,year,,,,FALSE,FALSE,,,,
510,DeferredTaxLiabilityStart,element,int,,,xsd:integer,,,508,Transition,2,0,1,transition,deferred_tax_liability_start,,,,TRUE,FALSE,,,,
511,DeferredTaxLiabilityRecast,element,int,,,xsd:integer,,,508,Transition,3,0,1,transition,deferred_tax_liability_recast,,,,TRUE,FALSE,,,,
512,DeferredTaxAssets,element,,,,anonymous,,,508,Transition,4,0,1,,,deferred_tax_assets,transition_pk,transition_pk,,,,,,
513,Total,element,int,,,xsd:integer,,,512,DeferredTaxAssets,1,1,1,deferred_tax_assets,total,,,,FALSE,FALSE,,,,
514,DeferredTaxAssetStart,element,int,,,xsd:integer,,,512,DeferredTaxAssets,2,1,1,deferred_tax_assets,deferred_tax_asset_start,,,,FALSE,FALSE,,,,
515,DeferredTaxAssetRecast,element,int,,,xsd:integer,,,512,DeferredTaxAssets,3,1,1,deferred_tax_assets,deferred_tax_asset_recast,,,,FALSE,FALSE,,,,
516,DeferredTaxAssetExcluded,element,int,,,xsd:integer,,,512,DeferredTaxAssets,4,1,1,deferred_tax_assets,deferred_tax_asset_excluded,,,,FALSE,FALSE,,,,
517,Disposal,element,,,,anonymous,,,508,Transition,5,0,1,,,disposal,transition_pk,transition_pk,,,,,,
518,ResCountryCode,element,enum,country_code,,iso:CountryCode_Type,,,517,Disposal,1,1,1,disposal,res_country_code,,,,FALSE,FALSE,,,,
519,NetDTADTL,element,int,,,xsd:integer,,,517,Disposal,2,1,1,disposal,net_dtadtl,,,,FALSE,FALSE,,,,
520,CarryingValue,element,int,,,xsd:integer,,,517,Disposal,3,1,1,disposal,carrying_value,,,,FALSE,FALSE,,,,
521,TaxPaid,element,int,,,xsd:integer,,,517,Disposal,4,1,1,disposal,tax_paid,,,,FALSE,FALSE,,,,
522,DTADTL,element,int,,,xsd:integer,,,517,Disposal,5,1,1,disposal,dtadtl,,,,FALSE,FALSE,,,,
523,AltJurisdiction,element,enum,country_code,,iso:CountryCode_Type,,,508,Transition,6,0,1,transition,alt_jurisdiction,,,,TRUE,FALSE,,,,
524,TransBlendCFC,element,,,,anonymous,,,283,AdjustedCoveredTax,7,0,1,,,trans_blend_cfc,overall_computation_adjusted_covered_tax_pk,overall_computation_adjusted_covered_tax_pk,,,,,,
525,CFCJur,element,,,,anonymous,,,524,TransBlendCFC,1,1,unbounded,,,cfc_jur,trans_blend_cfc_pk,trans_blend_cfc_pk,,,,,,
526,Jurisdiction,element,enum,country_code,,iso:CountryCode_Type,,,525,CFCJur,1,1,1,cfc_jur,jurisdiction,,,,FALSE,FALSE,,,,
527,Allocation,element,,,,anonymous,,,525,CFCJur,2,1,1,,,allocation,cfc_jur_pk,cfc_jur_pk,,,,,,
528,SubGroupTIN,element,string,,,globe:TIN_Type,stf:StringMin1Max200_Type,extension,527,Allocation,1,1,1,sub_group_tin,sub_group_tin_value,sub_group_tin,allocation_pk,allocation_pk,FALSE,FALSE,1,200,,
529,issuedBy,attribute,enum,country_code,,iso:CountryCode_Type,,,528,SubGroupTIN,,,,sub_group_tin,issued_by,,,,TRUE,FALSE,,,optional,
530,unknown,attribute,bool,,,xsd:boolean,,,528,SubGroupTIN,,,,sub_group_tin,unknown,,,,TRUE,FALSE,,,optional,
531,TypeOfTIN,attribute,enum,type_of_tin,,globe:TIN_EnumType,,,528,SubGroupTIN,,,,sub_group_tin,type_of_tin,,,,TRUE,FALSE,,,optional,
532,AggAllocTax,element,int,,,xsd:integer,,,527,Allocation,2,1,1,allocation,agg_alloc_tax,,,,FALSE,FALSE,,,,
533,Total,element,int,,,xsd:integer,,,524,TransBlendCFC,2,1,1,trans_blend_cfc,total,,,,FALSE,FALSE,,,,
534,Total,element,int,,,xsd:integer,,,284,SubstanceExclusion,1,1,1,overall_computation_substance_exclusion,total,,,,FALSE,FALSE,,,,
535,PayrollCost,element,int,,,xsd:integer,,,284,SubstanceExclusion,2,1,1,overall_computation_substance_exclusion,payroll_cost,,,,FALSE,FALSE,,,,
536,PayrollMarkUp,element,decimal,,,globe:percentage,,,284,SubstanceExclusion,3,1,1,overall_computation_substance_exclusion,payroll_mark_up,,,,FALSE,FALSE,,,,
537,TangibleAssetValue,element,int,,,xsd:integer,,,284,SubstanceExclusion,4,1,1,overall_computation_substance_exclusion,tangible_asset_value,,,,FALSE,FALSE,,,,
538,TangibleAssetMarkup,element,decimal,,,globe:percentage,,,284,SubstanceExclusion,5,1,1,overall_computation_substance_exclusion,tangible_asset_markup,,,,FALSE,FALSE,,,,
539,PEAllocation,element,,,,anonymous,,,284,SubstanceExclusion,6,0,unbounded,,,pe_allocation,overall_computation_substance_exclusion_pk,overall_computation_substance_exclusion_pk,,,,,,
540,JurOfOwners,element,,,,anonymous,,,539,PEAllocation,1,1,1,,,jur_of_owners,pe_allocation_pk,pe_allocation_pk,,,,,,
541,ResCountryCode,element,enum,country_code,jur_of_owners,iso:CountryCode_Type,,,540,JurOfOwners,,1,1,jur_of_owners,res_country_code,,,,TRUE,FALSE,,,,
542,UPE,element,bool,,jur_of_owners,xsd:boolean,,,540,JurOfOwners,,1,1,jur_of_owners,upe,,,,TRUE,FALSE,,,,
543,NotApplicable,element,bool,,jur_of_owners,xsd:boolean,,,540,JurOfOwners,,1,1,jur_of_owners,not_applicable,,,,TRUE,FALSE,,,,
544,PayrollCost,element,,,,anonymous,,,539,PEAllocation,2,1,1,,,payroll_cost,pe_allocation_pk,pe_allocation_pk,,,,,,
545,Total,element,int,,,xsd:integer,,,544,PayrollCost,1,1,1,payroll_cost,total,,,,FALSE,FALSE,,,,
546,Allocation,element,int,,,xsd:integer,,,544,PayrollCost,2,1,1,payroll_cost,allocation,,,,FALSE,FALSE,,,,
547,TangibleAssetValue,element,,,,anonymous,,,539,PEAllocation,3,1,1,,,tangible_asset_value,pe_allocation_pk,pe_allocation_pk,,,,,,
548,Total,element,int,,,xsd:integer,,,547,TangibleAssetValue,1,1,1,tangible_asset_value,total,,,,FALSE,FALSE,,,,
549,Allocation,element,int,,,xsd:integer,,,547,TangibleAssetValue,2,1,1,tangible_asset_value,allocation,,,,FALSE,FALSE,,,,
550,FTEAllocation,element,,,,anonymous,,,284,SubstanceExclusion,7,0,unbounded,,,fte_allocation,overall_computation_substance_exclusion_pk,overall_computation_substance_exclusion_pk,,,,,,
551,JurOfOwners,element,,,,anonymous,,,550,FTEAllocation,1,1,1,,,fte_allocation_jur_of_owners,fte_allocation_pk,fte_allocation_pk,,,,,,
552,ResCountryCode,element,enum,country_code,fte_allocation_jur_of_owners,iso:CountryCode_Type,,,551,JurOfOwners,,1,1,fte_allocation_jur_of_owners,res_country_code,,,,TRUE,FALSE,,,,
553,UPE,element,bool,,fte_allocation_jur_of_owners,xsd:boolean,,,551,JurOfOwners,,1,1,fte_allocation_jur_of_owners,upe,,,,TRUE,FALSE,,,,
554,NotApplicable,element,bool,,fte_allocation_jur_of_owners,xsd:boolean,,,551,JurOfOwners,,1,1,fte_allocation_jur_of_owners,not_applicable,,,,TRUE,FALSE,,,,
555,PayrollCost,element,,,,anonymous,,,550,FTEAllocation,2,1,1,,,fte_allocation_payroll_cost,fte_allocation_pk,fte_allocation_pk,,,,,,
556,Total,element,int,,,xsd:integer,,,555,PayrollCost,1,1,1,fte_allocation_payroll_cost,total,,,,FALSE,FALSE,,,,
557,Allocation,element,int,,,xsd:integer,,,555,PayrollCost,2,1,1,fte_allocation_payroll_cost,allocation,,,,FALSE,FALSE,,,,
558,TangibleAssetValue,element,,,,anonymous,,,550,FTEAllocation,3,1,1,,,fte_allocation_tangible_asset_value,fte_allocation_pk,fte_allocation_pk,,,,,,
559,Total,element,int,,,xsd:integer,,,558,TangibleAssetValue,1,1,1,fte_allocation_tangible_asset_value,total,,,,FALSE,FALSE,,,,
560,Allocation,element,int,,,xsd:integer,,,558,TangibleAssetValue,2,1,1,fte_allocation_tangible_asset_value,allocation,,,,FALSE,FALSE,,,,
561,NONArt4.1.5,element,,,,anonymous,,,286,AdditionalTopUpTax,1,0,unbounded,,,non_art_4_1_5,additional_top_up_tax_pk,additional_top_up_tax_pk,,,,,,
562,Articles,element,enum,non_art_415,,globe:NonArt415_EnumType,,,561,NONArt4.1.5,1,1,unbounded,non_art_4_1_5,articles,,,,FALSE,TRUE,,,,
563,Year,element,date,,,xsd:date,,,561,NONArt4.1.5,2,1,1,non_art_4_1_5,year,,,,FALSE,FALSE,,,,
564,Previous,element,,,,anonymous,,,561,NONArt4.1.5,3,1,1,,,previous,non_art_4_1_5_pk,non_art_4_1_5_pk,,,,,,
565,NetGlobeIncome,element,int,,,xsd:integer,,,564,Previous,1,1,1,previous,net_globe_income,,,,FALSE,FALSE,,,,
566,AdjustedCoveredTax,element,int,,,xsd:integer,,,564,Previous,2,1,1,previous,adjusted_covered_tax,,,,FALSE,FALSE,,,,
567,ETRRate,element,decimal,,,globe:percentage,,,564,Previous,3,1,1,previous,etr_rate,,,,FALSE,FALSE,,,,
568,ExcessProfits,element,int,,,xsd:integer,,,564,Previous,4,1,1,previous,excess_profits,,,,FALSE,FALSE,,,,
569,TopUpTaxPercentage,element,decimal,,,globe:percentage,,,564,Previous,5,1,1,previous,top_up_tax_percentage,,,,FALSE,FALSE,,,,
570,TopUpTax,element,int,,,xsd:integer,,,564,Previous,6,1,1,previous,top_up_tax,,,,FALSE,FALSE,,,,
571,Recalculated,element,,,,anonymous,,,561,NONArt4.1.5,4,1,1,,,recalculated,non_art_4_1_5_pk,non_art_4_1_5_pk,,,,,,
572,NetGlobeIncome,element,int,,,xsd:integer,,,571,Recalculated,1,1,1,recalculated,net_globe_income,,,,FALSE,FALSE,,,,
573,AdjustedCoveredTax,element,int,,,xsd:integer,,,571,Recalculated,2,1,1,recalculated,adjusted_covered_tax,,,,FALSE,FALSE,,,,
574,ETRRate,element,decimal,,,globe:percentage,,,571,Recalculated,3,1,1,recalculated,etr_rate,,,,FALSE,FALSE,,,,
575,ExcessProfits,element,int,,,xsd:integer,,,571,Recalculated,4,1,1,recalculated,excess_profits,,,,FALSE,FALSE,,,,
576,TopUpTaxPercentage,element,decimal,,,globe:percentage,,,571,Recalculated,5,1,1,recalculated,top_up_tax_percentage,,,,FALSE,FALSE,,,,
577,TopUpTax,element,int,,,xsd:integer,,,571,Recalculated,6,1,1,recalculated,top_up_tax,,,,FALSE,FALSE,,,,
578,AdditionalTopUpTax,element,int,,,xsd:integer,,,561,NONArt4.1.5,5,1,1,non_art_4_1_5,additional_top_up_tax,,,,FALSE,FALSE,,,,
579,Art4.1.5,element,,,,anonymous,,,286,AdditionalTopUpTax,2,0,1,,,art_4_1_5,additional_top_up_tax_pk,additional_top_up_tax_pk,,,,,,
580,AdjustedCoveredTax,element,int,,,xsd:integer,,,579,Art4.1.5,1,1,1,art_4_1_5,adjusted_covered_tax,,,,FALSE,FALSE,,,,
581,GlobeLoss,element,int,,,xsd:integer,,,579,Art4.1.5,2,1,1,art_4_1_5,globe_loss,,,,FALSE,FALSE,,,,
582,ExpectedAdjustedCoveredTax,element,int,,,xsd:integer,,,579,Art4.1.5,3,1,1,art_4_1_5,expected_adjusted_covered_tax,,,,FALSE,FALSE,,,,
583,AdditionalTopUpTax,element,int,,,xsd:integer,,,579,Art4.1.5,4,1,1,art_4_1_5,additional_top_up_tax,,,,FALSE,FALSE,,,,
584,FAS,element,string,,,stf:StringMin1Max200_Type,,,287,QDMTT,1,1,1,qdmtt,fas,,,,FALSE,FALSE,1,200,,
585,Amount,element,int,,,xsd:integer,,,287,QDMTT,2,1,1,qdmtt,amount,,,,FALSE,FALSE,,,,
586,MinRate,element,decimal,,,globe:percentage,,,287,QDMTT,3,0,1,qdmtt,min_rate,,,,TRUE,FALSE,,,,
587,BasisforBlending,element,string,,,stf:StringMin1Max4000_Type,,,287,QDMTT,4,0,1,qdmtt,basisfor_blending,,,,TRUE,FALSE,1,4000,,Free text
588,SBIEAvailable,element,bool,,,xsd:boolean,,,287,QDMTT,5,1,1,qdmtt,sbie_available,,,,FALSE,FALSE,,,,
589,DeMinAvailable,element,bool,,,xsd:boolean,,,287,QDMTT,6,1,1,qdmtt,de_min_available,,,,FALSE,FALSE,,,,
590,Currency,element,enum,curr_code,,iso:currCode_Type,,,287,QDMTT,7,1,1,qdmtt,currency,,,,FALSE,FALSE,,,,
591,CurrencyElection,element,,,,anonymous,,,287,QDMTT,8,0,1,,,currency_election,qdmtt_pk,qdmtt_pk,,,,,,
592,Status,element,bool,,,xsd:boolean,,,591,CurrencyElection,1,1,1,currency_election,status,,,,FALSE,FALSE,,,,
593,ElectionYear,element,date,,,xsd:date,,,591,CurrencyElection,2,1,1,currency_election,election_year,,,,FALSE,FALSE,,,,
594,RevocationYear,element,date,,,xsd:date,,,591,CurrencyElection,3,0,1,currency_election,revocation_year,,,,TRUE,FALSE,,,,
595,Currency,element,enum,currency,,globe:Currency_EnumType,,,591,CurrencyElection,4,1,1,currency_election,currency,,,,FALSE,FALSE,,,,
596,PriorYearBalance,element,int,,,xsd:integer,,,289,ExcessNegTaxExpense,1,1,1,excess_neg_tax_expense,prior_year_balance,,,,FALSE,FALSE,,,,
597,GeneratedInRFY,element,int,,,xsd:integer,,,289,ExcessNegTaxExpense,2,1,1,excess_neg_tax_expense,generated_in_rfy,,,,FALSE,FALSE,,,,
598,UtilizedInRFY,element,int,,,xsd:integer,,,289,ExcessNegTaxExpense,3,1,1,excess_neg_tax_expense,utilized_in_rfy,,,,FALSE,FALSE,,,,
599,Remaining,element,int,,,xsd:integer,,,289,ExcessNegTaxExpense,4,1,1,excess_neg_tax_expense,remaining,,,,FALSE,FALSE,,,,
600,TotalRevenue,element,int,,,xsd:integer,,,290,RFY,1,1,1,rfy,total_revenue,,,,FALSE,FALSE,,,,
601,AggregateSimplified,element,int,,,xsd:integer,,,290,RFY,2,0,1,rfy,aggregate_simplified,,,,TRUE,FALSE,,,,
602,TotalRevenue,element,int,,,xsd:integer,,,291,RFY-1,1,1,1,rfy_1,total_revenue,,,,FALSE,FALSE,,,,
603,TotalRevenue,element,int,,,xsd:integer,,,292,RFY-2,1,1,1,rfy_2,total_revenue,,,,FALSE,FALSE,,,,
604,TotalRevenue,element,int,,,xsd:integer,,,293,Average,1,1,1,non_material_ce_average,total_revenue,,,,FALSE,FALSE,,,,
605,Name,element,string,,,stf:StringMin1Max200_Type,,,294,ID,1,1,1,non_material_ce_id,name,,,,FALSE,FALSE,1,200,,
606,ResCountryCode,element,enum,country_code,,iso:CountryCode_Type,,,294,ID,2,1,unbounded,non_material_ce_id,res_country_code,,,,FALSE,TRUE,,,,
607,TIN,element,string,,,globe:TIN_Type,stf:StringMin1Max200_Type,extension,294,ID,3,1,unbounded,tin,tin_value,tin,non_material_ce_id_pk,non_material_ce_id_pk,FALSE,FALSE,1,200,,
608,issuedBy,attribute,enum,country_code,,iso:CountryCode_Type,,,607,TIN,,,,tin,issued_by,,,,TRUE,FALSE,,,optional,
609,unknown,attribute,bool,,,xsd:boolean,,,607,TIN,,,,tin,unknown,,,,TRUE,FALSE,,,optional,
610,TypeOfTIN,attribute,enum,type_of_tin,,globe:TIN_EnumType,,,607,TIN,,,,tin,type_of_tin,,,,TRUE,FALSE,,,optional,
611,Rules,element,enum,id_type_rules,,globe:IDTypeRules_EnumType,,,294,ID,4,1,unbounded,non_material_ce_id,rules,,,,FALSE,TRUE,,,,
612,GlobeStatus,element,enum,id_type_globe_status,,globe:IDTypeGloBEStatus_EnumType,,,294,ID,5,1,unbounded,non_material_ce_id,globe_status,,,,FALSE,TRUE,,,,
613,ResCountryCode,element,enum,country_code,,iso:CountryCode_Type,,,201,ReferenceJurisdiction,1,1,1,reference_jurisdiction,res_country_code,,,,FALSE,FALSE,,,,
614,TangibleAssetValue,element,int,,,xsd:integer,,,201,ReferenceJurisdiction,2,1,1,reference_jurisdiction,tangible_asset_value,,,,FALSE,FALSE,,,,
615,ResCountryCode,element,enum,country_code,,iso:CountryCode_Type,,,202,OtherJurisdiction,1,1,5,other_jurisdiction,res_country_code,,,,FALSE,TRUE,,,,
616,TangibleAssetValue,element,int,,,xsd:integer,,,202,OtherJurisdiction,2,1,1,other_jurisdiction,tangible_asset_value,,,,FALSE,FALSE,,,,
617,TopUpTaxAmount,element,int,,,xsd:integer,,,174,LowTaxJurisdiction,1,1,1,low_tax_jurisdiction,top_up_tax_amount,,,,FALSE,FALSE,,,,
618,LTCE,element,,,,anonymous,,,174,LowTaxJurisdiction,2,0,unbounded,,,ltce,low_tax_jurisdiction_pk,low_tax_jurisdiction_pk,,,,,,
619,TIN,element,string,,,globe:TIN_Type,stf:StringMin1Max200_Type,extension,618,LTCE,1,1,1,tin,tin_value,tin,ltce_pk,ltce_pk,FALSE,FALSE,1,200,,
620,issuedBy,attribute,enum,country_code,,iso:CountryCode_Type,,,619,TIN,,,,tin,issued_by,,,,TRUE,FALSE,,,optional,
621,unknown,attribute,bool,,,xsd:boolean,,,619,TIN,,,,tin,unknown,,,,TRUE,FALSE,,,optional,
622,TypeOfTIN,attribute,enum,type_of_tin,,globe:TIN_EnumType,,,619,TIN,,,,tin,type_of_tin,,,,TRUE,FALSE,,,optional,
623,IIR,element,,,,anonymous,,,618,LTCE,2,1,unbounded,,,iir,ltce_pk,ltce_pk,,,,,,
624,NetGlobeIncome,element,int,,,xsd:integer,,,623,IIR,1,0,1,iir,net_globe_income,,,,TRUE,FALSE,,,,
625,TopUpTax,element,int,,,xsd:integer,,,623,IIR,2,1,1,iir,top_up_tax,,,,FALSE,FALSE,,,,
626,ParentEntity,element,,,,anonymous,,,623,IIR,3,0,unbounded,,,parent_entity,iir_pk,iir_pk,,,,,,
627,TIN,element,string,,,globe:TIN_Type,stf:StringMin1Max200_Type,extension,626,ParentEntity,1,1,1,tin,tin_value,tin,parent_entity_pk,parent_entity_pk,FALSE,FALSE,1,200,,
628,issuedBy,attribute,enum,country_code,,iso:CountryCode_Type,,,627,TIN,,,,tin,issued_by,,,,TRUE,FALSE,,,optional,
629,unknown,attribute,bool,,,xsd:boolean,,,627,TIN,,,,tin,unknown,,,,TRUE,FALSE,,,optional,
630,TypeOfTIN,attribute,enum,type_of_tin,,globe:TIN_EnumType,,,627,TIN,,,,tin,type_of_tin,,,,TRUE,FALSE,,,optional,
631,ResCountryCode,element,enum,country_code,,iso:CountryCode_Type,,,626,ParentEntity,2,1,1,parent_entity,res_country_code,,,,FALSE,FALSE,,,,
632,OtherOwnershipAllocation,element,int,,,xsd:integer,,,626,ParentEntity,3,1,1,parent_entity,other_ownership_allocation,,,,FALSE,FALSE,,,,
633,InclusionRatio,element,decimal,,,globe:percentage,,,626,ParentEntity,4,1,1,parent_entity,inclusion_ratio,,,,FALSE,FALSE,,,,
634,TopUpTaxShare,element,int,,,xsd:integer,,,626,ParentEntity,5,1,1,parent_entity,top_up_tax_share,,,,FALSE,FALSE,,,,
635,IIROffSet,element,int,,,xsd:integer,,,626,ParentEntity,6,1,1,parent_entity,iir_off_set,,,,FALSE,FALSE,,,,
636,TopUpTax,element,int,,,xsd:integer,,,626,ParentEntity,7,1,1,parent_entity,top_up_tax,,,,FALSE,FALSE,,,,
637,UTPR,element,,,,anonymous,,,174,LowTaxJurisdiction,3,0,1,,,utpr,low_tax_jurisdiction_pk,low_tax_jurisdiction_pk,,,,,,
638,UTPRSafeHarbour,element,,,utpr,anonymous,,,637,UTPR,,1,1,,,utpr_utpr_safe_harbour,utpr_pk,utpr_pk,,,,,,
639,CITRate,element,decimal,,,globe:percentage,,,638,UTPRSafeHarbour,1,1,1,utpr_utpr_safe_harbour,cit_rate,,,,FALSE,FALSE,,,,
640,UTPRCalculation,element,,,utpr,anonymous,,,637,UTPR,,1,1,,,utpr_calculation,utpr_pk,utpr_pk,,,,,,
641,TotalUTPRTopUpTax,element,int,,,xsd:integer,,,640,UTPRCalculation,1,1,1,utpr_calculation,total_utpr_top_up_tax,,,,FALSE,FALSE,,,,
642,Article2.5.1TopUpTax,element,int,,,xsd:integer,,,640,UTPRCalculation,2,1,1,utpr_calculation,article_2_5_1_top_up_tax,,,,FALSE,FALSE,,,,
643,Description,element,string,,,stf:StringMin1Max170_Type,,,175,AdditionalDataPoint,1,0,1,additional_data_point,description,,,,TRUE,FALSE,1,170,,
644,Amount,element,int,,,xsd:integer,,,175,AdditionalDataPoint,2,0,1,additional_data_point,amount,,,,TRUE,FALSE,,,,
645,Percentage,element,decimal,,,globe:percentage,,,175,AdditionalDataPoint,3,0,1,additional_data_point,percentage,,,,TRUE,FALSE,,,,
646,Text,element,string,,,stf:StringMin1Max4000_Type,,,175,AdditionalDataPoint,4,0,1,additional_data_point,text,,,,TRUE,FALSE,1,4000,,
647,Boolean,element,bool,,,xsd:boolean,,,175,AdditionalDataPoint,5,0,1,additional_data_point,boolean,,,,TRUE,FALSE,,,,
648,DocTypeIndic,element,enum,oecd_doc_type_indic,,stf:OECDDocTypeIndic_EnumType,,,176,DocSpec,1,1,1,doc_spec,doc_type_indic,,,,FALSE,FALSE,,,,
649,DocRefId,element,string,,,stf:StringMin1Max200_Type,,,176,DocSpec,2,1,1,doc_spec,doc_ref_id,,,,FALSE,FALSE,1,200,,Sender's unique identifier of this document
650,CorrDocRefId,element,string,,,stf:StringMin1Max200_Type,,,176,DocSpec,3,0,1,doc_spec,corr_doc_ref_id,,,,TRUE,FALSE,1,200,,Reference id of the document referred to if this is correction
651,DocTypeIndic,element,enum,oecd_doc_type_indic,,stf:OECDDocTypeIndic_EnumType,,,155,DocSpec,1,1,1,doc_spec,doc_type_indic,,,,FALSE,FALSE,,,,
652,DocRefId,element,string,,,stf:StringMin1Max200_Type,,,155,DocSpec,2,1,1,doc_spec,doc_ref_id,,,,FALSE,FALSE,1,200,,Sender's unique identifier of this document
653,CorrDocRefId,element,string,,,stf:StringMin1Max200_Type,,,155,DocSpec,3,0,1,doc_spec,corr_doc_ref_id,,,,TRUE,FALSE,1,200,,Reference id of the document referred to if this is correction
